# ************************************************************
# Sequel Pro SQL dump
# Version 4004
#
# http://www.sequelpro.com/
# http://code.google.com/p/sequel-pro/
#
# Host: 127.0.0.1 (MySQL 5.5.30)
# Database: pixta
# Generation Time: 2013-04-03 17:32:33 +0000
# ************************************************************


/*!40101 SET @OLD_CHARACTER_SET_CLIENT=@@CHARACTER_SET_CLIENT */;
/*!40101 SET @OLD_CHARACTER_SET_RESULTS=@@CHARACTER_SET_RESULTS */;
/*!40101 SET @OLD_COLLATION_CONNECTION=@@COLLATION_CONNECTION */;
/*!40101 SET NAMES utf8 */;
/*!40014 SET @OLD_FOREIGN_KEY_CHECKS=@@FOREIGN_KEY_CHECKS, FOREIGN_KEY_CHECKS=0 */;
/*!40101 SET @OLD_SQL_MODE=@@SQL_MODE, SQL_MODE='NO_AUTO_VALUE_ON_ZERO' */;
/*!40111 SET @OLD_SQL_NOTES=@@SQL_NOTES, SQL_NOTES=0 */;


# Dump of table companies
# ------------------------------------------------------------

DROP TABLE IF EXISTS `companies`;

CREATE TABLE `companies` (
  `id` int(11) unsigned NOT NULL AUTO_INCREMENT,
  `name` varchar(255) DEFAULT NULL,
  `client_name` varchar(255) DEFAULT NULL,
  `client_contact` varchar(255) DEFAULT NULL,
  `email` varchar(100) DEFAULT NULL,
  `address1` varchar(255) DEFAULT NULL,
  `address2` varchar(255) DEFAULT NULL,
  `phone` varchar(10) DEFAULT NULL,
  `postcode` varchar(4) DEFAULT NULL,
  `state` varchar(3) DEFAULT NULL,
  `updated_by` int(11) NOT NULL,
  `created` datetime NOT NULL,
  `updated` datetime DEFAULT NULL,
  `status` tinyint(1) DEFAULT '1',
  PRIMARY KEY (`id`)
) ENGINE=InnoDB DEFAULT CHARSET=latin1;

LOCK TABLES `companies` WRITE;
/*!40000 ALTER TABLE `companies` DISABLE KEYS */;

INSERT INTO `companies` (`id`, `name`, `client_name`, `client_contact`, `email`, `address1`, `address2`, `phone`, `postcode`, `state`, `updated_by`, `created`, `updated`, `status`)
VALUES
	(1,'FlyDigital','FlyDigital','1234','test@yahoo.','Sydney, Australia','','4054645645','1111','1',0,'0000-00-00 00:00:00','2012-12-14 22:47:06',1),
	(2,'Photo Lotto',NULL,NULL,NULL,'Sydney, Australia','','22222222','2222','1',0,'2012-12-03 23:51:59','2012-12-03 23:51:59',1),
	(3,'AA Compay',NULL,NULL,NULL,'1','3','4','2','1',0,'2012-12-14 06:24:40','2012-12-14 06:24:40',1),
	(4,'AA Company','','','','Address1','Address2','1234','3168','1',0,'2012-12-14 06:25:40','2013-01-10 10:54:28',1),
	(5,'BB Company','BB','bb','bb','bb','bb','bb','bb','1',0,'2012-12-16 06:25:15','2012-12-16 06:25:15',1),
	(6,'CC Company','CC Company','123','test@yahoo.','dd','','1234','3168',NULL,0,'2012-12-16 23:41:04','2012-12-16 23:41:04',1),
	(7,'The Grounds!','The Grounds ','Jason James','jason@groun','','','','',NULL,0,'2012-12-17 16:48:19','2012-12-17 16:48:19',1),
	(8,'Josh TEST 2','Misc','','','','','','','nsw',0,'2013-03-11 22:16:42','2013-03-11 22:16:42',1);

/*!40000 ALTER TABLE `companies` ENABLE KEYS */;
UNLOCK TABLES;


# Dump of table event_actions
# ------------------------------------------------------------

DROP TABLE IF EXISTS `event_actions`;

CREATE TABLE `event_actions` (
  `id` int(11) unsigned NOT NULL AUTO_INCREMENT,
  `event_id` int(11) NOT NULL,
  `phone_id` varchar(64) DEFAULT NULL,
  `blacklist` tinyint(1) DEFAULT NULL,
  `phone_type` varchar(32) DEFAULT NULL,
  `action_name` varchar(64) DEFAULT NULL,
  `photo` varchar(128) DEFAULT NULL,
  `created` datetime NOT NULL,
  PRIMARY KEY (`id`)
) ENGINE=InnoDB DEFAULT CHARSET=latin1;

LOCK TABLES `event_actions` WRITE;
/*!40000 ALTER TABLE `event_actions` DISABLE KEYS */;

INSERT INTO `event_actions` (`id`, `event_id`, `phone_id`, `blacklist`, `phone_type`, `action_name`, `photo`, `created`)
VALUES
	(165,5,'f0ceb72e6743a0d812fb6e74ed0b3af8aef28f3d',0,'IOS','post_to_facebook','i_20130217112628.jpg','2013-02-17 11:26:47'),
	(166,6,'63e41e59e235bd8dc690a355a2432bef576ea88c',0,'IOS','(null)','i_20130218083920.jpg','2013-02-17 13:39:36'),
	(167,4,'c73a6680bd3661481a8b3ccf497fdae7f5abd9c0',0,'IOS','(null)','i_20130218085346.jpg','2013-02-17 13:53:57'),
	(168,5,'b424300557f83c540e8aae18576921fa1a2a9c23',0,'IOS','(null)','i_20130218115224.jpg','2013-02-17 16:52:37'),
	(169,6,'f0ceb72e6743a0d812fb6e74ed0b3af8aef28f3d',0,'IOS','(null)','i_20130217173322.jpg','2013-02-17 17:33:35'),
	(170,5,'f0ceb72e6743a0d812fb6e74ed0b3af8aef28f3d',0,'IOS','(null)','i_20130217173459.jpg','2013-02-17 17:35:11'),
	(171,5,'f0ceb72e6743a0d812fb6e74ed0b3af8aef28f3d',0,'IOS','(null)','i_20130217173816.jpg','2013-02-17 17:38:30'),
	(172,6,'63e41e59e235bd8dc690a355a2432bef576ea88c',0,'IOS','(null)','i_20130218124744.jpg','2013-02-17 17:48:00'),
	(173,5,'b424300557f83c540e8aae18576921fa1a2a9c23',0,'IOS','(null)','i_20130218125945.jpg','2013-02-17 17:59:54'),
	(174,4,'b424300557f83c540e8aae18576921fa1a2a9c23',0,'IOS','(null)','i_20130218130435.jpg','2013-02-17 18:04:44'),
	(175,5,'b424300557f83c540e8aae18576921fa1a2a9c23',0,'IOS','post_to_facebook','i_20130218131055.jpg','2013-02-17 18:15:04'),
	(176,6,'f0ceb72e6743a0d812fb6e74ed0b3af8aef28f3d',0,'IOS','(null)','i_20130217185111.jpg','2013-02-17 18:51:23'),
	(177,6,'f0ceb72e6743a0d812fb6e74ed0b3af8aef28f3d',1,'IOS','(null)','i_20130217185552.jpg','2013-02-17 18:56:06'),
	(178,6,'63e41e59e235bd8dc690a355a2432bef576ea88c',0,'IOS','save_to_album','i_20130218135608.jpg','2013-02-17 18:56:22'),
	(179,6,'83381ca3dcd17b4ca3ccd0a07b5036de00447ae1',1,'IOS','(null)','i_20130218230633.jpg','2013-02-18 09:06:46'),
	(180,4,'c73a6680bd3661481a8b3ccf497fdae7f5abd9c0',1,'IOS','(null)','i_20130219081401.jpg','2013-02-18 13:13:13'),
	(181,6,'f0ceb72e6743a0d812fb6e74ed0b3af8aef28f3d',1,'IOS','post_to_facebook','i_20130221115514.jpg','2013-02-21 11:55:27'),
	(182,6,'63527bf02afc22ac68e0e16fb46b5f1a45cc5f83',1,'IOS','post_to_facebook','i_20130222041430.jpg','2013-02-21 12:14:53'),
	(183,6,'f0ceb72e6743a0d812fb6e74ed0b3af8aef28f3d',1,'IOS','post_to_facebook','i_20130224001237.jpg','2013-02-24 00:12:54'),
	(184,6,'f0ceb72e6743a0d812fb6e74ed0b3af8aef28f3d',1,'IOS','post_to_facebook','i_20130224001325.jpg','2013-02-24 00:13:43'),
	(185,6,'f0ceb72e6743a0d812fb6e74ed0b3af8aef28f3d',1,'IOS','post_to_facebook','i_20130224001337.jpg','2013-02-24 00:13:47'),
	(186,6,'f0ceb72e6743a0d812fb6e74ed0b3af8aef28f3d',1,'IOS','post_to_facebook','i_20130224001409.jpg','2013-02-24 00:14:25'),
	(187,6,'9711db979907e2b6ee6870e9ca54207e3471d082',1,'IOS','post_to_facebook','i_20130225121005.jpg','2013-02-24 22:10:21'),
	(188,6,'9711db979907e2b6ee6870e9ca54207e3471d082',1,'IOS','post_to_facebook','i_20130225121310.jpg','2013-02-24 22:13:23'),
	(189,6,'f0ceb72e6743a0d812fb6e74ed0b3af8aef28f3d',1,'IOS','(null)','i_20130225004348.jpg','2013-02-25 00:44:10'),
	(190,6,'f0ceb72e6743a0d812fb6e74ed0b3af8aef28f3d',1,'IOS','save_to_album','i_20130225004547.jpg','2013-02-25 00:46:04'),
	(191,6,'9711db979907e2b6ee6870e9ca54207e3471d082',1,'IOS','(null)','i_20130226083308.jpg','2013-02-25 18:33:23'),
	(192,6,'9711db979907e2b6ee6870e9ca54207e3471d082',1,'IOS','post_to_twitter','i_20130228125647.jpg','2013-02-27 22:57:01'),
	(193,6,'f0ceb72e6743a0d812fb6e74ed0b3af8aef28f3d',1,'IOS','save_to_album','i_20130227230240.jpg','2013-02-27 23:03:00'),
	(194,6,'f0ceb72e6743a0d812fb6e74ed0b3af8aef28f3d',1,'IOS','post_to_twitter','i_20130227230250.jpg','2013-02-27 23:03:01'),
	(195,6,'9711db979907e2b6ee6870e9ca54207e3471d082',1,'IOS','post_to_twitter','i_20130228131657.jpg','2013-02-27 23:17:14'),
	(196,6,'9711db979907e2b6ee6870e9ca54207e3471d082',1,'IOS','post_to_twitter','i_20130228132856.jpg','2013-02-27 23:29:12'),
	(197,6,'9711db979907e2b6ee6870e9ca54207e3471d082',1,'IOS','post_to_twitter','i_20130228134134.jpg','2013-02-27 23:41:51'),
	(198,6,'9711db979907e2b6ee6870e9ca54207e3471d082',1,'IOS','post_to_twitter','i_20130228135456.jpg','2013-02-27 23:55:21'),
	(199,6,'9711db979907e2b6ee6870e9ca54207e3471d082',1,'IOS','save_to_album','i_20130228135832.jpg','2013-02-27 23:58:50'),
	(200,6,'9711db979907e2b6ee6870e9ca54207e3471d082',1,'IOS','save_to_album','i_20130228140244.jpg','2013-02-28 00:03:03'),
	(201,6,'9711db979907e2b6ee6870e9ca54207e3471d082',1,'IOS','post_to_facebook','i_20130302093247.jpg','2013-03-01 19:33:05'),
	(202,6,'9711db979907e2b6ee6870e9ca54207e3471d082',1,'IOS','(null)','i_20130302093626.jpg','2013-03-01 19:36:42'),
	(203,6,'83381ca3dcd17b4ca3ccd0a07b5036de00447ae1',1,'IOS','(null)','i_20130303135317.jpg','2013-03-02 23:54:45'),
	(204,6,'83381ca3dcd17b4ca3ccd0a07b5036de00447ae1',1,'IOS','post_to_twitter','i_20130303135451.jpg','2013-03-02 23:56:02'),
	(205,6,'83381ca3dcd17b4ca3ccd0a07b5036de00447ae1',1,'IOS','post_to_facebook','i_20130303142637.jpg','2013-03-03 00:32:26'),
	(206,6,'b424300557f83c540e8aae18576921fa1a2a9c23',1,'IOS','(null)','i_20130303204137.jpg','2013-03-03 01:41:49'),
	(207,6,'83381ca3dcd17b4ca3ccd0a07b5036de00447ae1',1,'IOS','post_to_twitter','i_20130304123628.jpg','2013-03-03 22:37:12'),
	(208,6,'83381ca3dcd17b4ca3ccd0a07b5036de00447ae1',1,'IOS','post_to_twitter','i_20130304130241.jpg','2013-03-03 23:03:22'),
	(209,6,'83381ca3dcd17b4ca3ccd0a07b5036de00447ae1',1,'IOS','post_to_twitter','i_20130304131727.jpg','2013-03-03 23:18:18'),
	(210,6,'83381ca3dcd17b4ca3ccd0a07b5036de00447ae1',1,'IOS','post_to_twitter','i_20130304132036.jpg','2013-03-03 23:21:13'),
	(211,6,'f0ceb72e6743a0d812fb6e74ed0b3af8aef28f3d',1,'IOS','post_to_twitter','i_20130304210513.jpg','2013-03-04 21:05:29'),
	(212,6,'f0ceb72e6743a0d812fb6e74ed0b3af8aef28f3d',1,'IOS','post_to_facebook','i_20130305203719.jpg','2013-03-05 20:37:31'),
	(213,6,'f0ceb72e6743a0d812fb6e74ed0b3af8aef28f3d',1,'IOS','post_to_facebook','i_20130305204932.jpg','2013-03-05 20:49:46'),
	(214,6,'f0ceb72e6743a0d812fb6e74ed0b3af8aef28f3d',1,'IOS','save_to_album','i_20130305213005.jpg','2013-03-05 21:30:18'),
	(215,6,'f0ceb72e6743a0d812fb6e74ed0b3af8aef28f3d',1,'IOS','post_to_twitter','i_20130305213421.jpg','2013-03-05 21:34:37'),
	(216,6,'63e41e59e235bd8dc690a355a2432bef576ea88c',1,'IOS','save_to_album','i_20130306175722.jpg','2013-03-05 22:57:37'),
	(217,6,'63e41e59e235bd8dc690a355a2432bef576ea88c',1,'IOS','(null)','i_20130306175828.jpg','2013-03-05 22:58:47'),
	(218,6,'63e41e59e235bd8dc690a355a2432bef576ea88c',1,'IOS','post_to_twitter','i_20130306190419.jpg','2013-03-06 00:04:33'),
	(219,6,'63e41e59e235bd8dc690a355a2432bef576ea88c',1,'IOS','(null)','i_20130306191045.jpg','2013-03-06 00:10:59'),
	(220,6,'b424300557f83c540e8aae18576921fa1a2a9c23',0,'IOS','(null)','i_20130306192016.jpg','2013-03-06 00:20:27'),
	(221,6,'c73a6680bd3661481a8b3ccf497fdae7f5abd9c0',0,'IOS','save_to_album','i_20130306195521.jpg','2013-03-06 00:55:34'),
	(222,6,'63e41e59e235bd8dc690a355a2432bef576ea88c',0,'IOS','save_to_album','i_20130306200122.jpg','2013-03-06 01:01:37'),
	(223,6,'b424300557f83c540e8aae18576921fa1a2a9c23',0,'IOS','(null)','i_20130307093446.jpg','2013-03-06 14:35:02'),
	(224,6,'c73a6680bd3661481a8b3ccf497fdae7f5abd9c0',0,'IOS','(null)','i_20130307110155.jpg','2013-03-06 16:02:02'),
	(225,6,'c73a6680bd3661481a8b3ccf497fdae7f5abd9c0',0,'IOS','(null)','i_20130307110312.jpg','2013-03-06 16:03:17'),
	(226,6,'c73a6680bd3661481a8b3ccf497fdae7f5abd9c0',0,'IOS','(null)','i_20130307110558.jpg','2013-03-06 16:06:02'),
	(227,6,'c73a6680bd3661481a8b3ccf497fdae7f5abd9c0',0,'IOS','save_to_album','i_20130307112831.jpg','2013-03-06 16:28:28'),
	(228,6,'c73a6680bd3661481a8b3ccf497fdae7f5abd9c0',0,'IOS','save_to_album','i_20130307112854.jpg','2013-03-06 16:28:49'),
	(229,6,'b424300557f83c540e8aae18576921fa1a2a9c23',0,'IOS','(null)','i_20130307130459.jpg','2013-03-06 18:05:10'),
	(230,6,'b424300557f83c540e8aae18576921fa1a2a9c23',0,'IOS','(null)','i_20130307130523.jpg','2013-03-06 18:05:33'),
	(231,6,'c73a6680bd3661481a8b3ccf497fdae7f5abd9c0',0,'IOS','(null)','i_20130307144819.jpg','2013-03-06 19:48:31'),
	(232,6,'3489e57af106729c807008cd5bf76d783911d0dd',0,'IOS','post_to_twitter','i_20130307134919.jpg','2013-03-06 23:46:56'),
	(233,6,'63e41e59e235bd8dc690a355a2432bef576ea88c',0,'IOS','save_to_album','i_20130307191243.jpg','2013-03-07 00:12:57'),
	(234,6,'9711db979907e2b6ee6870e9ca54207e3471d082',0,'IOS','save_to_album','i_20130307142149.jpg','2013-03-07 00:22:09'),
	(235,6,'97e05668e20b656e5fe49c0d77a285d786bf75ec',0,'IOS','save_to_album','i_20130307143911.jpg','2013-03-07 00:39:46'),
	(236,6,'c73a6680bd3661481a8b3ccf497fdae7f5abd9c0',0,'IOS','post_to_facebook','i_20130307194709.jpg','2013-03-07 00:47:14'),
	(237,6,'63e41e59e235bd8dc690a355a2432bef576ea88c',0,'IOS','(null)','i_20130307202246.jpg','2013-03-07 01:23:02'),
	(238,6,'63e41e59e235bd8dc690a355a2432bef576ea88c',0,'IOS','save_to_album','i_20130308104007.jpg','2013-03-07 15:40:31'),
	(239,6,'63e41e59e235bd8dc690a355a2432bef576ea88c',0,'IOS','save_to_album','i_20130308104039.jpg','2013-03-07 15:41:09'),
	(240,6,'c73a6680bd3661481a8b3ccf497fdae7f5abd9c0',0,'IOS','(null)','i_20130308124355.jpg','2013-03-07 17:43:54'),
	(241,6,'c73a6680bd3661481a8b3ccf497fdae7f5abd9c0',0,'IOS','(null)','i_20130308124515.jpg','2013-03-07 17:45:15'),
	(242,6,'c73a6680bd3661481a8b3ccf497fdae7f5abd9c0',0,'IOS','(null)','i_20130308191525.jpg','2013-03-08 01:15:32'),
	(243,6,'f0ceb72e6743a0d812fb6e74ed0b3af8aef28f3d',0,'IOS','save_to_album','i_20130308212323.jpg','2013-03-08 21:23:38'),
	(244,6,'c73a6680bd3661481a8b3ccf497fdae7f5abd9c0',0,'IOS','(null)','i_20130309214513.jpg','2013-03-09 02:44:59'),
	(245,6,'f0ceb72e6743a0d812fb6e74ed0b3af8aef28f3d',0,'IOS','save_to_album','i_20130309173901.jpg','2013-03-09 17:39:16'),
	(246,6,'f0ceb72e6743a0d812fb6e74ed0b3af8aef28f3d',0,'IOS','(null)','i_20130309230013.jpg','2013-03-09 23:08:03'),
	(247,6,'a2932436f7d2bd0c5f48d58ca2cd42938ddbf96e',0,'IOS','(null)','i_20130311114337.jpg','2013-03-10 17:43:53'),
	(248,6,'83381ca3dcd17b4ca3ccd0a07b5036de00447ae1',0,'IOS','post_to_twitter','i_20130311214333.jpg','2013-03-11 08:44:40'),
	(249,6,'83381ca3dcd17b4ca3ccd0a07b5036de00447ae1',0,'IOS','post_to_twitter','i_20130311215504.jpg','2013-03-11 08:56:21'),
	(250,6,'83381ca3dcd17b4ca3ccd0a07b5036de00447ae1',0,'IOS','post_to_twitter','i_20130311220958.jpg','2013-03-11 09:11:08'),
	(251,6,'83381ca3dcd17b4ca3ccd0a07b5036de00447ae1',0,'IOS','post_to_twitter','i_20130311221707.jpg','2013-03-11 09:18:14'),
	(252,6,'83381ca3dcd17b4ca3ccd0a07b5036de00447ae1',0,'IOS','post_to_twitter','i_20130311222112.jpg','2013-03-11 09:22:42'),
	(253,6,'83381ca3dcd17b4ca3ccd0a07b5036de00447ae1',0,'IOS','post_to_twitter','i_20130311230201.jpg','2013-03-11 10:03:03'),
	(254,6,'63e41e59e235bd8dc690a355a2432bef576ea88c',0,'IOS','save_to_album','i_20130312072054.jpg','2013-03-11 13:21:15'),
	(255,6,'63e41e59e235bd8dc690a355a2432bef576ea88c',0,'IOS','save_to_album','i_20130312072230.jpg','2013-03-11 13:22:47'),
	(256,6,'63e41e59e235bd8dc690a355a2432bef576ea88c',0,'IOS','save_to_album','i_20130312072316.jpg','2013-03-11 13:23:35'),
	(257,6,'63e41e59e235bd8dc690a355a2432bef576ea88c',0,'IOS','save_to_album','i_20130312072530.jpg','2013-03-11 13:25:48'),
	(258,6,'f0ceb72e6743a0d812fb6e74ed0b3af8aef28f3d',0,'IOS','post_to_facebook','i_20130311133446.jpg','2013-03-11 13:35:10'),
	(259,6,'f0ceb72e6743a0d812fb6e74ed0b3af8aef28f3d',0,'IOS','post_to_facebook','i_20130311133823.jpg','2013-03-11 13:38:38'),
	(260,6,'c73a6680bd3661481a8b3ccf497fdae7f5abd9c0',0,'IOS','(null)','i_20130312075112.jpg','2013-03-11 13:47:24'),
	(261,6,'b424300557f83c540e8aae18576921fa1a2a9c23',0,'IOS','save_to_album','i_20130312093205.jpg','2013-03-11 15:32:21'),
	(262,6,'9711db979907e2b6ee6870e9ca54207e3471d082',0,'IOS','post_to_twitter','i_20130312115941.jpg','2013-03-11 22:59:56'),
	(263,6,'3489e57af106729c807008cd5bf76d783911d0dd',0,'IOS','post_to_twitter','i_20130312120222.jpg','2013-03-11 22:59:56'),
	(264,8,'9711db979907e2b6ee6870e9ca54207e3471d082',1,'IOS','post_to_twitter','i_20130312120635.jpg','2013-03-11 23:06:57'),
	(265,8,'f0ceb72e6743a0d812fb6e74ed0b3af8aef28f3d',1,'IOS','post_to_facebook','i_20130312112949.jpg','2013-03-12 11:30:10'),
	(266,8,'c73a6680bd3661481a8b3ccf497fdae7f5abd9c0',1,'IOS','(null)','i_20130313101334.jpg','2013-03-12 16:13:40'),
	(267,6,'c73a6680bd3661481a8b3ccf497fdae7f5abd9c0',0,'IOS','post_to_facebook','i_20130313101755.jpg','2013-03-12 16:18:07'),
	(268,6,'c73a6680bd3661481a8b3ccf497fdae7f5abd9c0',0,'IOS','(null)','i_20130313102302.jpg','2013-03-12 16:23:12'),
	(269,8,'c73a6680bd3661481a8b3ccf497fdae7f5abd9c0',1,'IOS','(null)','i_20130313102539.jpg','2013-03-12 16:25:47'),
	(270,9,'c73a6680bd3661481a8b3ccf497fdae7f5abd9c0',1,'IOS','post_to_facebook','i_20130313161231.jpg','2013-03-12 22:12:00'),
	(271,9,'b424300557f83c540e8aae18576921fa1a2a9c23',1,'IOS','save_to_album','i_20130313161312.jpg','2013-03-12 22:13:26'),
	(272,9,'c73a6680bd3661481a8b3ccf497fdae7f5abd9c0',1,'IOS','post_to_facebook','i_20130313161611.jpg','2013-03-12 22:15:42'),
	(273,9,'c73a6680bd3661481a8b3ccf497fdae7f5abd9c0',1,'IOS','post_to_facebook','i_20130313162233.jpg','2013-03-12 22:22:04'),
	(274,6,'63e41e59e235bd8dc690a355a2432bef576ea88c',0,'IOS','post_to_facebook','i_20130313171254.jpg','2013-03-12 23:13:22'),
	(275,9,'63e41e59e235bd8dc690a355a2432bef576ea88c',1,'IOS','save_to_album','i_20130313171627.jpg','2013-03-12 23:16:55'),
	(276,9,'63e41e59e235bd8dc690a355a2432bef576ea88c',1,'IOS','save_to_album','i_20130313171646.jpg','2013-03-12 23:17:01'),
	(277,9,'63e41e59e235bd8dc690a355a2432bef576ea88c',1,'IOS','post_to_twitter','i_20130313171723.jpg','2013-03-12 23:17:44'),
	(278,9,'f0ceb72e6743a0d812fb6e74ed0b3af8aef28f3d',1,'IOS','(null)','i_20130313001631.jpg','2013-03-13 00:17:03'),
	(279,9,'f0ceb72e6743a0d812fb6e74ed0b3af8aef28f3d',1,'IOS','post_to_facebook','i_20130313002418.jpg','2013-03-13 00:24:54'),
	(280,9,'f0ceb72e6743a0d812fb6e74ed0b3af8aef28f3d',1,'IOS','post_to_facebook','i_20130313002529.jpg','2013-03-13 00:26:15'),
	(281,9,'f0ceb72e6743a0d812fb6e74ed0b3af8aef28f3d',1,'IOS','post_to_facebook','i_20130313002809.jpg','2013-03-13 00:28:38'),
	(282,9,'9711db979907e2b6ee6870e9ca54207e3471d082',1,'IOS','post_to_facebook','i_20130313134259.jpg','2013-03-13 00:44:18'),
	(283,9,'9711db979907e2b6ee6870e9ca54207e3471d082',1,'IOS','post_to_facebook','i_20130313134639.jpg','2013-03-13 00:47:42'),
	(284,9,'9711db979907e2b6ee6870e9ca54207e3471d082',1,'IOS','post_to_facebook','i_20130313135009.jpg','2013-03-13 00:56:17'),
	(285,9,'c73a6680bd3661481a8b3ccf497fdae7f5abd9c0',1,'IOS','(null)','i_20130313192715.jpg','2013-03-13 01:26:56'),
	(286,9,'c73a6680bd3661481a8b3ccf497fdae7f5abd9c0',1,'IOS','(null)','i_20130313193024.jpg','2013-03-13 01:30:07'),
	(287,9,'83381ca3dcd17b4ca3ccd0a07b5036de00447ae1',1,'IOS','post_to_facebook','i_20130314004857.jpg','2013-03-13 11:49:55'),
	(288,9,'c73a6680bd3661481a8b3ccf497fdae7f5abd9c0',1,'IOS','(null)','i_20130314084639.jpg','2013-03-13 14:46:46'),
	(289,9,'b424300557f83c540e8aae18576921fa1a2a9c23',1,'IOS','(null)','i_20130314093615.jpg','2013-03-13 15:36:28'),
	(290,9,'b424300557f83c540e8aae18576921fa1a2a9c23',1,'IOS','(null)','i_20130314093648.jpg','2013-03-13 15:37:00'),
	(291,9,'c73a6680bd3661481a8b3ccf497fdae7f5abd9c0',1,'IOS','post_to_facebook','i_20130314093838.jpg','2013-03-13 15:38:44'),
	(292,9,'b424300557f83c540e8aae18576921fa1a2a9c23',1,'IOS','(null)','i_20130314095305.jpg','2013-03-13 15:53:20'),
	(293,9,'f0ceb72e6743a0d812fb6e74ed0b3af8aef28f3d',1,'IOS','post_to_facebook','i_20130313162906.jpg','2013-03-13 16:29:24'),
	(294,4,'f0ceb72e6743a0d812fb6e74ed0b3af8aef28f3d',1,'IOS','post_to_facebook','i_20130313172804.jpg','2013-03-13 17:28:19'),
	(295,6,'63e41e59e235bd8dc690a355a2432bef576ea88c',0,'IOS','save_to_album','i_20130314190138.jpg','2013-03-14 01:01:44'),
	(296,9,'63e41e59e235bd8dc690a355a2432bef576ea88c',1,'IOS','(null)','i_20130314191517.jpg','2013-03-14 01:15:23'),
	(297,9,'63e41e59e235bd8dc690a355a2432bef576ea88c',1,'IOS','(null)','i_20130314221005.jpg','2013-03-14 04:10:06'),
	(298,9,'83381ca3dcd17b4ca3ccd0a07b5036de00447ae1',1,'IOS','post_to_twitter','i_20130314232241.jpg','2013-03-14 10:23:04'),
	(299,6,'63e41e59e235bd8dc690a355a2432bef576ea88c',0,'IOS','save_to_album','i_20130315091352.jpg','2013-03-14 15:13:59'),
	(300,6,'63e41e59e235bd8dc690a355a2432bef576ea88c',0,'IOS','post_to_facebook','i_20130315091417.jpg','2013-03-14 15:14:24'),
	(301,9,'c73a6680bd3661481a8b3ccf497fdae7f5abd9c0',1,'IOS','(null)','i_20130315111642.jpg','2013-03-14 17:16:25'),
	(302,6,'63e41e59e235bd8dc690a355a2432bef576ea88c',0,'IOS','save_to_album','i_20130315113557.jpg','2013-03-14 17:36:17'),
	(303,6,'c73a6680bd3661481a8b3ccf497fdae7f5abd9c0',0,'IOS','(null)','i_20130315120631.jpg','2013-03-14 18:06:27'),
	(304,9,'c73a6680bd3661481a8b3ccf497fdae7f5abd9c0',1,'IOS','(null)','i_20130315121022.jpg','2013-03-14 18:10:18'),
	(305,9,'c73a6680bd3661481a8b3ccf497fdae7f5abd9c0',1,'IOS','(null)','i_20130315130516.jpg','2013-03-14 19:05:15'),
	(306,9,'c73a6680bd3661481a8b3ccf497fdae7f5abd9c0',1,'IOS','(null)','i_20130315153756.jpg','2013-03-14 21:37:38'),
	(307,6,'c73a6680bd3661481a8b3ccf497fdae7f5abd9c0',0,'IOS','(null)','i_20130315161414.jpg','2013-03-14 22:13:45'),
	(308,9,'c73a6680bd3661481a8b3ccf497fdae7f5abd9c0',1,'IOS','(null)','i_20130316084600.jpg','2013-03-15 14:45:41'),
	(309,9,'c73a6680bd3661481a8b3ccf497fdae7f5abd9c0',1,'IOS','save_to_album','i_20130316094415.jpg','2013-03-15 15:43:52'),
	(310,6,'c73a6680bd3661481a8b3ccf497fdae7f5abd9c0',0,'IOS','post_to_facebook','i_20130316094751.jpg','2013-03-15 15:47:27'),
	(311,6,'c73a6680bd3661481a8b3ccf497fdae7f5abd9c0',0,'IOS','save_to_album','i_20130316102420.jpg','2013-03-15 16:25:37'),
	(312,9,'b424300557f83c540e8aae18576921fa1a2a9c23',1,'IOS','(null)','i_20130316193705.jpg','2013-03-16 01:37:05'),
	(313,9,'c73a6680bd3661481a8b3ccf497fdae7f5abd9c0',1,'IOS','(null)','i_20130317112833.jpg','2013-03-16 17:57:27'),
	(314,9,'c73a6680bd3661481a8b3ccf497fdae7f5abd9c0',1,'IOS','(null)','i_20130317124707.jpg','2013-03-16 19:27:22'),
	(315,9,'b424300557f83c540e8aae18576921fa1a2a9c23',1,'IOS','(null)','i_20130317140010.jpg','2013-03-16 20:00:12'),
	(316,9,'c73a6680bd3661481a8b3ccf497fdae7f5abd9c0',1,'IOS','(null)','i_20130317135747.jpg','2013-03-16 20:26:10'),
	(317,9,'b424300557f83c540e8aae18576921fa1a2a9c23',1,'IOS','(null)','i_20130318133326.jpg','2013-03-17 19:33:30'),
	(318,9,'f0ceb72e6743a0d812fb6e74ed0b3af8aef28f3d',1,'IOS','(null)','i_20130318002643.jpg','2013-03-18 00:26:47'),
	(319,9,'f0ceb72e6743a0d812fb6e74ed0b3af8aef28f3d',1,'IOS','(null)','i_20130318002915.jpg','2013-03-18 00:29:18'),
	(320,9,'f0ceb72e6743a0d812fb6e74ed0b3af8aef28f3d',1,'IOS','(null)','i_20130318002941.jpg','2013-03-18 00:29:42'),
	(321,9,'f0ceb72e6743a0d812fb6e74ed0b3af8aef28f3d',1,'IOS','(null)','i_20130318124108.jpg','2013-03-18 12:41:09'),
	(322,9,'c73a6680bd3661481a8b3ccf497fdae7f5abd9c0',1,'IOS','(null)','i_20130319070433.jpg','2013-03-18 13:04:25'),
	(323,9,'63e41e59e235bd8dc690a355a2432bef576ea88c',1,'IOS','save_to_album','i_20130319071754.jpg','2013-03-18 13:18:00'),
	(324,9,'c73a6680bd3661481a8b3ccf497fdae7f5abd9c0',1,'IOS','(null)','i_20130319072208.jpg','2013-03-18 13:21:55'),
	(325,9,'c73a6680bd3661481a8b3ccf497fdae7f5abd9c0',1,'IOS','(null)','i_20130319072227.jpg','2013-03-18 13:22:14'),
	(326,9,'b424300557f83c540e8aae18576921fa1a2a9c23',1,'IOS','(null)','i_20130319074755.jpg','2013-03-18 13:47:55'),
	(327,9,'c73a6680bd3661481a8b3ccf497fdae7f5abd9c0',1,'IOS','post_to_facebook','i_20130319105151.jpg','2013-03-18 16:52:01'),
	(328,6,'b424300557f83c540e8aae18576921fa1a2a9c23',0,'IOS','post_to_facebook','i_20130319141525.jpg','2013-03-18 20:15:30'),
	(329,9,'b424300557f83c540e8aae18576921fa1a2a9c23',1,'IOS','post_to_facebook','i_20130319142313.jpg','2013-03-18 20:23:21'),
	(330,9,'b424300557f83c540e8aae18576921fa1a2a9c23',1,'IOS','post_to_facebook','i_20130319142121.jpg','2013-03-18 20:29:00'),
	(331,9,'b424300557f83c540e8aae18576921fa1a2a9c23',1,'IOS','post_to_facebook','i_20130319142921.jpg','2013-03-18 20:29:33'),
	(332,9,'c73a6680bd3661481a8b3ccf497fdae7f5abd9c0',1,'IOS','post_to_facebook','i_20130319143952.jpg','2013-03-18 20:39:57'),
	(333,9,'b424300557f83c540e8aae18576921fa1a2a9c23',1,'IOS','post_to_facebook','i_20130319145008.jpg','2013-03-18 20:50:19'),
	(334,9,'b424300557f83c540e8aae18576921fa1a2a9c23',1,'IOS','post_to_facebook','i_20130319145121.jpg','2013-03-18 20:51:28'),
	(335,6,'b424300557f83c540e8aae18576921fa1a2a9c23',0,'IOS','post_to_facebook','i_20130319145242.jpg','2013-03-18 20:53:04'),
	(336,9,'c73a6680bd3661481a8b3ccf497fdae7f5abd9c0',1,'IOS','save_to_album','i_20130319151704.jpg','2013-03-18 21:17:11'),
	(337,9,'c73a6680bd3661481a8b3ccf497fdae7f5abd9c0',1,'IOS','save_to_album','i_20130319151751.jpg','2013-03-18 21:17:57'),
	(338,9,'c73a6680bd3661481a8b3ccf497fdae7f5abd9c0',1,'IOS','save_to_album','i_20130319151850.jpg','2013-03-18 21:19:05'),
	(339,9,'c73a6680bd3661481a8b3ccf497fdae7f5abd9c0',1,'IOS','(null)','i_20130319151926.jpg','2013-03-18 21:19:34'),
	(340,9,'c73a6680bd3661481a8b3ccf497fdae7f5abd9c0',1,'IOS','(null)','i_20130319152056.jpg','2013-03-18 21:21:04'),
	(341,9,'c73a6680bd3661481a8b3ccf497fdae7f5abd9c0',1,'IOS','save_to_album','i_20130319152137.jpg','2013-03-18 21:22:13'),
	(342,9,'c73a6680bd3661481a8b3ccf497fdae7f5abd9c0',1,'IOS','(null)','i_20130319152300.jpg','2013-03-18 21:23:06'),
	(343,9,'c73a6680bd3661481a8b3ccf497fdae7f5abd9c0',1,'IOS','save_to_album','i_20130319152857.jpg','2013-03-18 21:29:03'),
	(344,9,'c73a6680bd3661481a8b3ccf497fdae7f5abd9c0',1,'IOS','save_to_album','i_20130319152928.jpg','2013-03-18 21:29:33'),
	(345,9,'c73a6680bd3661481a8b3ccf497fdae7f5abd9c0',1,'IOS','save_to_album','i_20130319153015.jpg','2013-03-18 21:30:21'),
	(346,9,'c73a6680bd3661481a8b3ccf497fdae7f5abd9c0',1,'IOS','save_to_album','i_20130319153040.jpg','2013-03-18 21:31:08'),
	(347,9,'c73a6680bd3661481a8b3ccf497fdae7f5abd9c0',1,'IOS','save_to_album','i_20130319153143.jpg','2013-03-18 21:31:47'),
	(348,9,'c73a6680bd3661481a8b3ccf497fdae7f5abd9c0',1,'IOS','save_to_album','i_20130319153212.jpg','2013-03-18 21:32:19'),
	(349,6,'9711db979907e2b6ee6870e9ca54207e3471d082',0,'IOS','post_to_facebook','i_20130319123331.jpg','2013-03-18 23:33:38'),
	(350,9,'9711db979907e2b6ee6870e9ca54207e3471d082',1,'IOS','post_to_facebook','i_20130319123700.jpg','2013-03-18 23:37:08'),
	(351,6,'9711db979907e2b6ee6870e9ca54207e3471d082',0,'IOS','post_to_facebook','i_20130319123758.jpg','2013-03-18 23:38:07'),
	(352,9,'9711db979907e2b6ee6870e9ca54207e3471d082',1,'IOS','post_to_facebook','i_20130319124911.jpg','2013-03-18 23:49:33'),
	(353,6,'63e41e59e235bd8dc690a355a2432bef576ea88c',0,'IOS','post_to_facebook','i_20130319200547.jpg','2013-03-19 02:05:52'),
	(354,9,'63e41e59e235bd8dc690a355a2432bef576ea88c',1,'IOS','post_to_facebook','i_20130319200646.jpg','2013-03-19 02:06:50'),
	(355,6,'63e41e59e235bd8dc690a355a2432bef576ea88c',0,'IOS','post_to_facebook','i_20130319200740.jpg','2013-03-19 02:07:47'),
	(356,6,'63e41e59e235bd8dc690a355a2432bef576ea88c',0,'IOS','post_to_facebook','i_20130319200826.jpg','2013-03-19 02:08:31'),
	(357,6,'63e41e59e235bd8dc690a355a2432bef576ea88c',0,'IOS','save_to_album','i_20130319201307.jpg','2013-03-19 02:13:13'),
	(358,6,'c73a6680bd3661481a8b3ccf497fdae7f5abd9c0',0,'IOS','save_to_album','i_20130320085134.jpg','2013-03-19 14:51:32'),
	(359,9,'c73a6680bd3661481a8b3ccf497fdae7f5abd9c0',1,'IOS','save_to_album','i_20130320085249.jpg','2013-03-19 14:52:46'),
	(360,6,'c73a6680bd3661481a8b3ccf497fdae7f5abd9c0',0,'IOS','post_to_facebook','i_20130320100229.jpg','2013-03-19 16:02:32'),
	(361,9,'b424300557f83c540e8aae18576921fa1a2a9c23',1,'IOS','(null)','i_20130320182725.jpg','2013-03-20 00:27:25'),
	(362,6,'b424300557f83c540e8aae18576921fa1a2a9c23',0,'IOS','(null)','i_20130320182744.jpg','2013-03-20 00:27:44'),
	(363,9,'c73a6680bd3661481a8b3ccf497fdae7f5abd9c0',1,'IOS','post_to_facebook','i_20130320190525.jpg','2013-03-20 01:36:26'),
	(364,6,'c73a6680bd3661481a8b3ccf497fdae7f5abd9c0',0,'IOS','save_to_album','i_20130320205439.jpg','2013-03-20 02:54:45'),
	(365,6,'b424300557f83c540e8aae18576921fa1a2a9c23',0,'IOS','(null)','i_20130321064749.jpg','2013-03-20 12:47:51'),
	(366,13,'c73a6680bd3661481a8b3ccf497fdae7f5abd9c0',1,'IOS','post_to_facebook','i_20130321102948.jpg','2013-03-20 16:29:45'),
	(367,13,'c73a6680bd3661481a8b3ccf497fdae7f5abd9c0',1,'IOS','post_to_facebook','i_20130321103237.jpg','2013-03-20 16:32:40'),
	(368,13,'c73a6680bd3661481a8b3ccf497fdae7f5abd9c0',1,'IOS','(null)','i_20130321103523.jpg','2013-03-20 16:40:49'),
	(369,13,'c73a6680bd3661481a8b3ccf497fdae7f5abd9c0',1,'IOS','post_to_facebook','i_20130321105422.jpg','2013-03-20 16:54:17'),
	(370,13,'b424300557f83c540e8aae18576921fa1a2a9c23',1,'IOS','(null)','i_20130321110452.jpg','2013-03-20 17:04:53'),
	(371,13,'b424300557f83c540e8aae18576921fa1a2a9c23',1,'IOS','(null)','i_20130321110809.jpg','2013-03-20 17:08:09'),
	(372,13,'c73a6680bd3661481a8b3ccf497fdae7f5abd9c0',1,'IOS','post_to_facebook','i_20130321112919.jpg','2013-03-20 17:29:05'),
	(373,13,'63e41e59e235bd8dc690a355a2432bef576ea88c',1,'IOS','post_to_facebook','i_20130321114716.jpg','2013-03-20 17:47:20'),
	(374,13,'c73a6680bd3661481a8b3ccf497fdae7f5abd9c0',1,'IOS','(null)','i_20130321140548.jpg','2013-03-20 20:05:46'),
	(375,13,'c73a6680bd3661481a8b3ccf497fdae7f5abd9c0',1,'IOS','(null)','i_20130321142938.jpg','2013-03-20 20:29:31'),
	(376,13,'c73a6680bd3661481a8b3ccf497fdae7f5abd9c0',1,'IOS','(null)','i_20130321144037.jpg','2013-03-20 20:40:28'),
	(377,13,'c73a6680bd3661481a8b3ccf497fdae7f5abd9c0',1,'IOS','(null)','i_20130321154314.jpg','2013-03-20 21:43:08'),
	(378,13,'c73a6680bd3661481a8b3ccf497fdae7f5abd9c0',1,'IOS','(null)','i_20130321160541.jpg','2013-03-20 22:05:45'),
	(379,13,'c73a6680bd3661481a8b3ccf497fdae7f5abd9c0',1,'IOS','(null)','i_20130321171521.jpg','2013-03-20 23:15:08'),
	(380,13,'c73a6680bd3661481a8b3ccf497fdae7f5abd9c0',1,'IOS','post_to_facebook','i_20130321171658.jpg','2013-03-20 23:16:45'),
	(381,13,'c73a6680bd3661481a8b3ccf497fdae7f5abd9c0',1,'IOS','(null)','i_20130321172221.jpg','2013-03-20 23:22:07'),
	(382,13,'c73a6680bd3661481a8b3ccf497fdae7f5abd9c0',1,'IOS','(null)','i_20130321185114.jpg','2013-03-21 00:51:16'),
	(383,13,'c73a6680bd3661481a8b3ccf497fdae7f5abd9c0',1,'IOS','save_to_album','i_20130321201549.jpg','2013-03-21 02:15:52'),
	(384,13,'c73a6680bd3661481a8b3ccf497fdae7f5abd9c0',1,'IOS','(null)','i_20130321205408.jpg','2013-03-21 02:54:05'),
	(385,13,'c73a6680bd3661481a8b3ccf497fdae7f5abd9c0',1,'IOS','post_to_facebook','i_20130321205444.jpg','2013-03-21 02:54:39'),
	(386,13,'63e41e59e235bd8dc690a355a2432bef576ea88c',1,'IOS','(null)','i_20130321212627.jpg','2013-03-21 03:26:28'),
	(387,13,'9711db979907e2b6ee6870e9ca54207e3471d082',1,'IOS','(null)','i_20130321184823.jpg','2013-03-21 05:49:45'),
	(388,13,'97e05668e20b656e5fe49c0d77a285d786bf75ec',1,'IOS','(null)','i_20130321193612.jpg','2013-03-21 06:37:40'),
	(389,13,'97e05668e20b656e5fe49c0d77a285d786bf75ec',1,'IOS','(null)','i_20130321193807.jpg','2013-03-21 06:39:12'),
	(390,13,'97e05668e20b656e5fe49c0d77a285d786bf75ec',1,'IOS','(null)','i_20130321201131.jpg','2013-03-21 07:13:07'),
	(391,13,'83381ca3dcd17b4ca3ccd0a07b5036de00447ae1',1,'IOS','post_to_facebook','i_20130322000954.jpg','2013-03-21 11:18:14'),
	(392,13,'f0ceb72e6743a0d812fb6e74ed0b3af8aef28f3d',1,'IOS','post_to_facebook','i_20130321215819.jpg','2013-03-21 21:58:22'),
	(393,13,'97e05668e20b656e5fe49c0d77a285d786bf75ec',1,'IOS','(null)','i_20130322105924.jpg','2013-03-21 22:00:16'),
	(394,13,'97e05668e20b656e5fe49c0d77a285d786bf75ec',1,'IOS','(null)','i_20130322111628.jpg','2013-03-21 22:17:00'),
	(395,13,'9711db979907e2b6ee6870e9ca54207e3471d082',1,'IOS','(null)','i_20130322111954.jpg','2013-03-21 22:20:11'),
	(396,13,'c73a6680bd3661481a8b3ccf497fdae7f5abd9c0',1,'IOS','(null)','i_20130323103656.jpg','2013-03-22 16:36:31'),
	(397,9,'b424300557f83c540e8aae18576921fa1a2a9c23',1,'IOS','save_to_album','i_20130323115812.jpg','2013-03-22 17:58:21'),
	(398,13,'c73a6680bd3661481a8b3ccf497fdae7f5abd9c0',1,'IOS','post_to_facebook','i_20130323200806.jpg','2013-03-23 02:07:51'),
	(399,6,'c73a6680bd3661481a8b3ccf497fdae7f5abd9c0',1,'IOS','post_to_facebook','i_20130323201638.jpg','2013-03-23 02:16:24'),
	(400,13,'c73a6680bd3661481a8b3ccf497fdae7f5abd9c0',1,'IOS','post_to_facebook','i_20130323203151.jpg','2013-03-23 02:31:39'),
	(401,14,'c73a6680bd3661481a8b3ccf497fdae7f5abd9c0',1,'IOS','post_to_facebook','i_20130323210153.jpg','2013-03-23 03:01:32'),
	(402,14,'c73a6680bd3661481a8b3ccf497fdae7f5abd9c0',1,'IOS','post_to_facebook','i_20130323210519.jpg','2013-03-23 03:04:55'),
	(403,14,'c73a6680bd3661481a8b3ccf497fdae7f5abd9c0',1,'IOS','(null)','i_20130323210934.jpg','2013-03-23 03:09:05'),
	(404,13,'c73a6680bd3661481a8b3ccf497fdae7f5abd9c0',1,'IOS','save_to_album','i_20130323211631.jpg','2013-03-23 03:16:05'),
	(405,14,'e63835ce5e4988ee7c4e567b88a69a5148fcc560',1,'IOS','save_to_album','i_20130324143141.jpg','2013-03-23 20:31:49'),
	(406,9,'e63835ce5e4988ee7c4e567b88a69a5148fcc560',1,'IOS','save_to_album','i_20130324144426.jpg','2013-03-23 20:44:30'),
	(407,13,'e63835ce5e4988ee7c4e567b88a69a5148fcc560',1,'IOS','save_to_album','i_20130324144607.jpg','2013-03-23 20:46:12'),
	(408,13,'c73a6680bd3661481a8b3ccf497fdae7f5abd9c0',1,'IOS','(null)','i_20130325133950.jpg','2013-03-24 19:39:44'),
	(409,13,'c73a6680bd3661481a8b3ccf497fdae7f5abd9c0',1,'IOS','(null)','i_20130325134013.jpg','2013-03-24 19:40:07'),
	(410,13,'c73a6680bd3661481a8b3ccf497fdae7f5abd9c0',1,'IOS','post_to_facebook','i_20130325151017.jpg','2013-03-24 21:10:17'),
	(411,13,'b424300557f83c540e8aae18576921fa1a2a9c23',1,'IOS','(null)','i_20130325151509.jpg','2013-03-24 21:37:09'),
	(412,13,'b424300557f83c540e8aae18576921fa1a2a9c23',1,'IOS','save_to_album','i_20130325153715.jpg','2013-03-24 21:37:23'),
	(413,13,'b424300557f83c540e8aae18576921fa1a2a9c23',1,'IOS','save_to_album','i_20130325153902.jpg','2013-03-24 21:39:08'),
	(414,13,'c73a6680bd3661481a8b3ccf497fdae7f5abd9c0',1,'IOS','save_to_album','i_20130326092928.jpg','2013-03-25 15:26:14'),
	(415,14,'c73a6680bd3661481a8b3ccf497fdae7f5abd9c0',1,'IOS','save_to_album','i_20130326101202.jpg','2013-03-25 16:12:07'),
	(416,14,'c73a6680bd3661481a8b3ccf497fdae7f5abd9c0',1,'IOS','save_to_album','i_20130326101337.jpg','2013-03-25 16:13:47'),
	(417,14,'c73a6680bd3661481a8b3ccf497fdae7f5abd9c0',1,'IOS','(null)','i_20130326103236.jpg','2013-03-25 16:29:06'),
	(418,13,'c73a6680bd3661481a8b3ccf497fdae7f5abd9c0',1,'IOS','save_to_album','i_20130326112051.jpg','2013-03-25 17:17:12'),
	(419,14,'c73a6680bd3661481a8b3ccf497fdae7f5abd9c0',1,'IOS','(null)','i_20130326112125.jpg','2013-03-25 17:51:24'),
	(420,14,'c73a6680bd3661481a8b3ccf497fdae7f5abd9c0',1,'IOS','save_to_album','i_20130326115726.jpg','2013-03-25 17:57:27'),
	(421,14,'c73a6680bd3661481a8b3ccf497fdae7f5abd9c0',1,'IOS','save_to_album','i_20130326115835.jpg','2013-03-25 17:58:37'),
	(422,14,'c73a6680bd3661481a8b3ccf497fdae7f5abd9c0',1,'IOS','save_to_album','i_20130326115910.jpg','2013-03-25 17:59:13'),
	(423,14,'c73a6680bd3661481a8b3ccf497fdae7f5abd9c0',1,'IOS','save_to_album','i_20130326120057.jpg','2013-03-25 18:00:58'),
	(424,13,'b424300557f83c540e8aae18576921fa1a2a9c23',1,'IOS','(null)','i_20130326130448.jpg','2013-03-25 19:04:47'),
	(425,6,'83381ca3dcd17b4ca3ccd0a07b5036de00447ae1',1,'IOS','share_to_instagram','i_20130326215752.jpg','2013-03-26 08:59:11'),
	(426,6,'83381ca3dcd17b4ca3ccd0a07b5036de00447ae1',1,'IOS','share_to_instagram','i_20130326222941.jpg','2013-03-26 09:31:48'),
	(427,13,'a2932436f7d2bd0c5f48d58ca2cd42938ddbf96e',1,'IOS','(null)','i_20130327091157.jpg','2013-03-26 15:11:54'),
	(428,15,'c73a6680bd3661481a8b3ccf497fdae7f5abd9c0',1,'IOS','save_to_album','i_20130327162829.jpg','2013-03-26 22:26:51'),
	(429,15,'a2932436f7d2bd0c5f48d58ca2cd42938ddbf96e',1,'IOS','save_to_album','i_20130327200924.jpg','2013-03-27 02:09:21'),
	(430,13,'a2932436f7d2bd0c5f48d58ca2cd42938ddbf96e',1,'IOS','save_to_album','i_20130327201008.jpg','2013-03-27 02:10:03'),
	(431,13,'97e05668e20b656e5fe49c0d77a285d786bf75ec',1,'IOS','(null)','i_20130327152024.jpg','2013-03-27 02:20:49'),
	(432,13,'97e05668e20b656e5fe49c0d77a285d786bf75ec',1,'IOS','share_to_instagram','i_20130327153518.jpg','2013-03-27 02:35:25'),
	(433,13,'97e05668e20b656e5fe49c0d77a285d786bf75ec',1,'IOS','share_to_instagram','i_20130327154630.jpg','2013-03-27 02:46:53'),
	(434,13,'97e05668e20b656e5fe49c0d77a285d786bf75ec',1,'IOS','share_to_instagram','i_20130327154747.jpg','2013-03-27 02:48:08'),
	(435,13,'97e05668e20b656e5fe49c0d77a285d786bf75ec',1,'IOS','share_to_instagram','i_20130327155230.jpg','2013-03-27 02:52:58'),
	(436,13,'97e05668e20b656e5fe49c0d77a285d786bf75ec',1,'IOS','share_to_instagram','i_20130327155355.jpg','2013-03-27 02:54:10'),
	(437,13,'97e05668e20b656e5fe49c0d77a285d786bf75ec',1,'IOS','share_to_instagram','i_20130327160918.jpg','2013-03-27 03:09:40'),
	(438,13,'97e05668e20b656e5fe49c0d77a285d786bf75ec',1,'IOS','share_to_instagram','i_20130327160943.jpg','2013-03-27 03:09:56'),
	(439,13,'b424300557f83c540e8aae18576921fa1a2a9c23',1,'IOS','save_to_album','i_20130327211430.jpg','2013-03-27 03:14:36'),
	(440,15,'97e05668e20b656e5fe49c0d77a285d786bf75ec',1,'IOS','share_to_instagram','i_20130327161622.jpg','2013-03-27 03:16:38'),
	(441,15,'97e05668e20b656e5fe49c0d77a285d786bf75ec',1,'IOS','share_to_instagram','i_20130327161639.jpg','2013-03-27 03:16:52'),
	(442,13,'97e05668e20b656e5fe49c0d77a285d786bf75ec',1,'IOS','share_to_instagram','i_20130327161705.jpg','2013-03-27 03:17:20'),
	(443,13,'b424300557f83c540e8aae18576921fa1a2a9c23',1,'IOS','(null)','i_20130328001010.jpg','2013-03-27 06:10:12'),
	(444,13,'b424300557f83c540e8aae18576921fa1a2a9c23',1,'IOS','(null)','i_20130328001914.jpg','2013-03-27 06:19:15'),
	(445,13,'63e41e59e235bd8dc690a355a2432bef576ea88c',1,'IOS','(null)','i_20130328081223.jpg','2013-03-27 14:12:31'),
	(446,9,'63e41e59e235bd8dc690a355a2432bef576ea88c',1,'IOS','(null)','i_20130328081732.jpg','2013-03-27 14:17:38'),
	(447,13,'63e41e59e235bd8dc690a355a2432bef576ea88c',1,'IOS','share_to_instagram','i_20130328081756.jpg','2013-03-27 14:18:10'),
	(448,9,'63e41e59e235bd8dc690a355a2432bef576ea88c',1,'IOS','post_to_facebook','i_20130328081836.jpg','2013-03-27 14:18:47'),
	(449,9,'63e41e59e235bd8dc690a355a2432bef576ea88c',1,'IOS','(null)','i_20130328081909.jpg','2013-03-27 14:19:19'),
	(450,9,'63e41e59e235bd8dc690a355a2432bef576ea88c',1,'IOS','post_to_facebook','i_20130328082016.jpg','2013-03-27 14:20:28'),
	(451,9,'63e41e59e235bd8dc690a355a2432bef576ea88c',1,'IOS','post_to_facebook','i_20130328082049.jpg','2013-03-27 14:21:02'),
	(452,6,'63e41e59e235bd8dc690a355a2432bef576ea88c',1,'IOS','post_to_facebook','i_20130328082108.jpg','2013-03-27 14:21:32'),
	(453,13,'a2932436f7d2bd0c5f48d58ca2cd42938ddbf96e',1,'IOS','(null)','i_20130328085724.jpg','2013-03-27 14:57:26'),
	(454,9,'63e41e59e235bd8dc690a355a2432bef576ea88c',1,'IOS','(null)','i_20130328085947.jpg','2013-03-27 14:59:48'),
	(455,6,'63e41e59e235bd8dc690a355a2432bef576ea88c',1,'IOS','save_to_album','i_20130328090021.jpg','2013-03-27 15:00:51'),
	(456,6,'63e41e59e235bd8dc690a355a2432bef576ea88c',1,'IOS','post_to_twitter','i_20130328090059.jpg','2013-03-27 15:01:17'),
	(457,13,'83381ca3dcd17b4ca3ccd0a07b5036de00447ae1',1,'IOS','save_to_album','i_20130328084400.jpg','2013-03-27 19:44:29'),
	(458,15,'83381ca3dcd17b4ca3ccd0a07b5036de00447ae1',1,'IOS','save_to_album','i_20130328084921.jpg','2013-03-27 19:50:06'),
	(459,13,'83381ca3dcd17b4ca3ccd0a07b5036de00447ae1',1,'IOS','save_to_album','i_20130328085358.jpg','2013-03-27 19:54:21'),
	(460,13,'83381ca3dcd17b4ca3ccd0a07b5036de00447ae1',1,'IOS','save_to_album','i_20130328090252.jpg','2013-03-27 20:03:36'),
	(461,13,'a2932436f7d2bd0c5f48d58ca2cd42938ddbf96e',1,'IOS','(null)','i_20130328141238.jpg','2013-03-27 20:12:38'),
	(462,9,'63e41e59e235bd8dc690a355a2432bef576ea88c',1,'IOS','save_to_album','i_20130328145052.jpg','2013-03-27 20:50:54'),
	(463,13,'63e41e59e235bd8dc690a355a2432bef576ea88c',1,'IOS','post_to_facebook','i_20130328145102.jpg','2013-03-27 20:51:12'),
	(464,13,'b424300557f83c540e8aae18576921fa1a2a9c23',1,'IOS','share_to_instagram','i_20130328145648.jpg','2013-03-27 20:56:54'),
	(465,13,'b424300557f83c540e8aae18576921fa1a2a9c23',1,'IOS','post_to_facebook','i_20130328145734.jpg','2013-03-27 20:57:37'),
	(466,13,'c73a6680bd3661481a8b3ccf497fdae7f5abd9c0',1,'IOS','(null)','i_20130328145912.jpg','2013-03-27 20:59:11'),
	(467,9,'f0ceb72e6743a0d812fb6e74ed0b3af8aef28f3d',1,'IOS','(null)','i_20130327210446.jpg','2013-03-27 21:04:49'),
	(468,6,'f0ceb72e6743a0d812fb6e74ed0b3af8aef28f3d',1,'IOS','post_to_facebook','i_20130327210514.jpg','2013-03-27 21:05:18'),
	(469,13,'f0ceb72e6743a0d812fb6e74ed0b3af8aef28f3d',1,'IOS','post_to_facebook','i_20130327210733.jpg','2013-03-27 21:07:36'),
	(470,15,'f0ceb72e6743a0d812fb6e74ed0b3af8aef28f3d',1,'IOS','post_to_facebook','i_20130327210906.jpg','2013-03-27 21:09:10'),
	(471,15,'a2932436f7d2bd0c5f48d58ca2cd42938ddbf96e',1,'IOS','(null)','i_20130328155112.jpg','2013-03-27 21:51:13'),
	(472,15,'c4a427bb22747a6bd590c2236a611b21eedb4f09',1,'IOS','(null)','i_20130328160555.jpg','2013-03-27 22:05:54'),
	(473,15,'c4a427bb22747a6bd590c2236a611b21eedb4f09',1,'IOS','save_to_album','i_20130328160726.jpg','2013-03-27 22:07:50'),
	(474,15,'c4a427bb22747a6bd590c2236a611b21eedb4f09',1,'IOS','save_to_album','i_20130328160751.jpg','2013-03-27 22:07:50'),
	(475,15,'c4a427bb22747a6bd590c2236a611b21eedb4f09',1,'IOS','save_to_album','i_20130328160858.jpg','2013-03-27 22:08:58'),
	(476,15,'c4a427bb22747a6bd590c2236a611b21eedb4f09',1,'IOS','save_to_album','i_20130328161012.jpg','2013-03-27 22:10:11'),
	(477,15,'c4a427bb22747a6bd590c2236a611b21eedb4f09',1,'IOS','(null)','i_20130328162219.jpg','2013-03-27 22:22:18'),
	(478,15,'a2932436f7d2bd0c5f48d58ca2cd42938ddbf96e',1,'IOS','(null)','i_20130328163038.jpg','2013-03-27 22:30:39'),
	(479,15,'c4a427bb22747a6bd590c2236a611b21eedb4f09',1,'IOS','(null)','i_20130328163114.jpg','2013-03-27 22:31:13'),
	(480,15,'a2932436f7d2bd0c5f48d58ca2cd42938ddbf96e',1,'IOS','(null)','i_20130328163131.jpg','2013-03-27 22:31:31'),
	(481,15,'a2932436f7d2bd0c5f48d58ca2cd42938ddbf96e',1,'IOS','(null)','i_20130328163228.jpg','2013-03-27 22:32:29'),
	(482,15,'c4a427bb22747a6bd590c2236a611b21eedb4f09',1,'IOS','(null)','i_20130328163302.jpg','2013-03-27 22:33:00'),
	(483,15,'c4a427bb22747a6bd590c2236a611b21eedb4f09',1,'IOS','(null)','i_20130328163521.jpg','2013-03-27 22:35:19'),
	(484,15,'c4a427bb22747a6bd590c2236a611b21eedb4f09',1,'IOS','(null)','i_20130328163558.jpg','2013-03-27 22:35:57'),
	(485,15,'a2932436f7d2bd0c5f48d58ca2cd42938ddbf96e',1,'IOS','(null)','i_20130328163722.jpg','2013-03-27 22:37:23'),
	(486,15,'a2932436f7d2bd0c5f48d58ca2cd42938ddbf96e',1,'IOS','save_to_album','i_20130328163927.jpg','2013-03-27 22:39:27'),
	(487,15,'a2932436f7d2bd0c5f48d58ca2cd42938ddbf96e',1,'IOS','(null)','i_20130328164048.jpg','2013-03-27 22:40:49'),
	(488,15,'c4a427bb22747a6bd590c2236a611b21eedb4f09',1,'IOS','(null)','i_20130328164145.jpg','2013-03-27 22:41:44'),
	(489,15,'a2932436f7d2bd0c5f48d58ca2cd42938ddbf96e',1,'IOS','save_to_album','i_20130328164212.jpg','2013-03-27 22:42:13'),
	(490,15,'a2932436f7d2bd0c5f48d58ca2cd42938ddbf96e',1,'IOS','(null)','i_20130328164319.jpg','2013-03-27 22:43:19'),
	(491,15,'c73a6680bd3661481a8b3ccf497fdae7f5abd9c0',1,'IOS','(null)','i_20130328164453.jpg','2013-03-27 22:44:39'),
	(492,15,'c4a427bb22747a6bd590c2236a611b21eedb4f09',1,'IOS','save_to_album','i_20130328164441.jpg','2013-03-27 22:44:39'),
	(493,15,'a2932436f7d2bd0c5f48d58ca2cd42938ddbf96e',1,'IOS','save_to_album','i_20130328164459.jpg','2013-03-27 22:45:00'),
	(494,15,'c4a427bb22747a6bd590c2236a611b21eedb4f09',1,'IOS','save_to_album','i_20130328164516.jpg','2013-03-27 22:45:15'),
	(495,15,'c73a6680bd3661481a8b3ccf497fdae7f5abd9c0',1,'IOS','save_to_album','i_20130328164537.jpg','2013-03-27 22:45:23'),
	(496,15,'a2932436f7d2bd0c5f48d58ca2cd42938ddbf96e',1,'IOS','(null)','i_20130328164526.jpg','2013-03-27 22:45:27'),
	(497,13,'97e05668e20b656e5fe49c0d77a285d786bf75ec',1,'IOS','post_to_facebook','i_20130328114611.jpg','2013-03-27 22:46:32'),
	(498,15,'a2932436f7d2bd0c5f48d58ca2cd42938ddbf96e',1,'IOS','save_to_album','i_20130328164651.jpg','2013-03-27 22:46:52'),
	(499,15,'c4a427bb22747a6bd590c2236a611b21eedb4f09',1,'IOS','save_to_album','i_20130328164656.jpg','2013-03-27 22:46:56'),
	(500,15,'a2932436f7d2bd0c5f48d58ca2cd42938ddbf96e',1,'IOS','save_to_album','i_20130328164813.jpg','2013-03-27 22:48:14'),
	(501,15,'c4a427bb22747a6bd590c2236a611b21eedb4f09',1,'IOS','save_to_album','i_20130328164834.jpg','2013-03-27 22:48:33'),
	(502,15,'a2932436f7d2bd0c5f48d58ca2cd42938ddbf96e',1,'IOS','save_to_album','i_20130328165025.jpg','2013-03-27 22:50:26'),
	(503,15,'a2932436f7d2bd0c5f48d58ca2cd42938ddbf96e',1,'IOS','(null)','i_20130328165119.jpg','2013-03-27 22:51:20'),
	(504,13,'97e05668e20b656e5fe49c0d77a285d786bf75ec',1,'IOS','post_to_facebook','i_20130328115116.jpg','2013-03-27 22:52:08'),
	(505,15,'a2932436f7d2bd0c5f48d58ca2cd42938ddbf96e',1,'IOS','(null)','i_20130328165230.jpg','2013-03-27 22:52:30'),
	(506,9,'97e05668e20b656e5fe49c0d77a285d786bf75ec',1,'IOS','post_to_facebook','i_20130328115301.jpg','2013-03-27 22:53:16'),
	(507,15,'a2932436f7d2bd0c5f48d58ca2cd42938ddbf96e',1,'IOS','(null)','i_20130328165317.jpg','2013-03-27 22:53:17'),
	(508,15,'c4a427bb22747a6bd590c2236a611b21eedb4f09',1,'IOS','save_to_album','i_20130328165345.jpg','2013-03-27 22:53:44'),
	(509,15,'c4a427bb22747a6bd590c2236a611b21eedb4f09',1,'IOS','(null)','i_20130328165428.jpg','2013-03-27 22:54:26'),
	(510,15,'a2932436f7d2bd0c5f48d58ca2cd42938ddbf96e',1,'IOS','save_to_album','i_20130328165458.jpg','2013-03-27 22:54:59'),
	(511,15,'c73a6680bd3661481a8b3ccf497fdae7f5abd9c0',1,'IOS','save_to_album','i_20130328165527.jpg','2013-03-27 22:55:06'),
	(512,15,'c73a6680bd3661481a8b3ccf497fdae7f5abd9c0',1,'IOS','(null)','i_20130328165544.jpg','2013-03-27 22:55:24'),
	(513,15,'a2932436f7d2bd0c5f48d58ca2cd42938ddbf96e',1,'IOS','(null)','i_20130328165558.jpg','2013-03-27 22:55:59'),
	(514,15,'a2932436f7d2bd0c5f48d58ca2cd42938ddbf96e',1,'IOS','save_to_album','i_20130328165752.jpg','2013-03-27 22:57:53'),
	(515,15,'c4a427bb22747a6bd590c2236a611b21eedb4f09',1,'IOS','save_to_album','i_20130328165843.jpg','2013-03-27 22:58:41'),
	(516,15,'c4a427bb22747a6bd590c2236a611b21eedb4f09',1,'IOS','(null)','i_20130328165952.jpg','2013-03-27 22:59:50'),
	(517,15,'a2932436f7d2bd0c5f48d58ca2cd42938ddbf96e',1,'IOS','save_to_album','i_20130328170008.jpg','2013-03-27 23:00:09'),
	(518,15,'a2932436f7d2bd0c5f48d58ca2cd42938ddbf96e',1,'IOS','save_to_album','i_20130328170119.jpg','2013-03-27 23:01:20'),
	(519,15,'c4a427bb22747a6bd590c2236a611b21eedb4f09',1,'IOS','(null)','i_20130328170158.jpg','2013-03-27 23:01:56'),
	(520,15,'a2932436f7d2bd0c5f48d58ca2cd42938ddbf96e',1,'IOS','(null)','i_20130328170212.jpg','2013-03-27 23:02:12'),
	(521,15,'a2932436f7d2bd0c5f48d58ca2cd42938ddbf96e',1,'IOS','save_to_album','i_20130328170305.jpg','2013-03-27 23:03:05'),
	(522,15,'c4a427bb22747a6bd590c2236a611b21eedb4f09',1,'IOS','(null)','i_20130328170333.jpg','2013-03-27 23:03:33'),
	(523,15,'c4a427bb22747a6bd590c2236a611b21eedb4f09',1,'IOS','save_to_album','i_20130328170424.jpg','2013-03-27 23:04:23'),
	(524,15,'c4a427bb22747a6bd590c2236a611b21eedb4f09',1,'IOS','(null)','i_20130328170449.jpg','2013-03-27 23:04:47'),
	(525,15,'a2932436f7d2bd0c5f48d58ca2cd42938ddbf96e',1,'IOS','(null)','i_20130328170637.jpg','2013-03-27 23:06:37'),
	(526,15,'a2932436f7d2bd0c5f48d58ca2cd42938ddbf96e',1,'IOS','save_to_album','i_20130328170826.jpg','2013-03-27 23:08:27'),
	(527,15,'a2932436f7d2bd0c5f48d58ca2cd42938ddbf96e',1,'IOS','save_to_album','i_20130328170935.jpg','2013-03-27 23:09:36'),
	(528,15,'c4a427bb22747a6bd590c2236a611b21eedb4f09',1,'IOS','save_to_album','i_20130328171018.jpg','2013-03-27 23:10:16'),
	(529,15,'c4a427bb22747a6bd590c2236a611b21eedb4f09',1,'IOS','save_to_album','i_20130328171036.jpg','2013-03-27 23:10:34'),
	(530,15,'a2932436f7d2bd0c5f48d58ca2cd42938ddbf96e',1,'IOS','save_to_album','i_20130328171058.jpg','2013-03-27 23:10:59'),
	(531,15,'c4a427bb22747a6bd590c2236a611b21eedb4f09',1,'IOS','(null)','i_20130328171104.jpg','2013-03-27 23:11:02'),
	(532,15,'a2932436f7d2bd0c5f48d58ca2cd42938ddbf96e',1,'IOS','save_to_album','i_20130328171303.jpg','2013-03-27 23:13:04'),
	(533,15,'a2932436f7d2bd0c5f48d58ca2cd42938ddbf96e',1,'IOS','(null)','i_20130328171359.jpg','2013-03-27 23:14:00'),
	(534,15,'c73a6680bd3661481a8b3ccf497fdae7f5abd9c0',1,'IOS','(null)','i_20130328171448.jpg','2013-03-27 23:14:25'),
	(535,15,'c4a427bb22747a6bd590c2236a611b21eedb4f09',1,'IOS','save_to_album','i_20130328171432.jpg','2013-03-27 23:14:31'),
	(536,15,'c4a427bb22747a6bd590c2236a611b21eedb4f09',1,'IOS','(null)','i_20130328171708.jpg','2013-03-27 23:17:07'),
	(537,15,'a2932436f7d2bd0c5f48d58ca2cd42938ddbf96e',1,'IOS','save_to_album','i_20130328171742.jpg','2013-03-27 23:17:42'),
	(538,15,'a2932436f7d2bd0c5f48d58ca2cd42938ddbf96e',1,'IOS','save_to_album','i_20130328171840.jpg','2013-03-27 23:18:41'),
	(539,15,'c4a427bb22747a6bd590c2236a611b21eedb4f09',1,'IOS','(null)','i_20130328171847.jpg','2013-03-27 23:18:46'),
	(540,15,'a2932436f7d2bd0c5f48d58ca2cd42938ddbf96e',1,'IOS','save_to_album','i_20130328172011.jpg','2013-03-27 23:20:13'),
	(541,15,'c4a427bb22747a6bd590c2236a611b21eedb4f09',1,'IOS','save_to_album','i_20130328172014.jpg','2013-03-27 23:20:13'),
	(542,15,'a2932436f7d2bd0c5f48d58ca2cd42938ddbf96e',1,'IOS','save_to_album','i_20130328172222.jpg','2013-03-27 23:22:23'),
	(543,15,'c4a427bb22747a6bd590c2236a611b21eedb4f09',1,'IOS','save_to_album','i_20130328172246.jpg','2013-03-27 23:22:44'),
	(544,15,'a2932436f7d2bd0c5f48d58ca2cd42938ddbf96e',1,'IOS','save_to_album','i_20130328172300.jpg','2013-03-27 23:23:01'),
	(545,15,'c4a427bb22747a6bd590c2236a611b21eedb4f09',1,'IOS','(null)','i_20130328172349.jpg','2013-03-27 23:23:47'),
	(546,15,'c4a427bb22747a6bd590c2236a611b21eedb4f09',1,'IOS','save_to_album','i_20130328172427.jpg','2013-03-27 23:24:25'),
	(547,15,'a2932436f7d2bd0c5f48d58ca2cd42938ddbf96e',1,'IOS','(null)','i_20130328172434.jpg','2013-03-27 23:24:34'),
	(548,15,'a2932436f7d2bd0c5f48d58ca2cd42938ddbf96e',1,'IOS','save_to_album','i_20130328172501.jpg','2013-03-27 23:25:01'),
	(549,15,'c4a427bb22747a6bd590c2236a611b21eedb4f09',1,'IOS','(null)','i_20130328172606.jpg','2013-03-27 23:26:04'),
	(550,15,'a2932436f7d2bd0c5f48d58ca2cd42938ddbf96e',1,'IOS','save_to_album','i_20130328172617.jpg','2013-03-27 23:26:18'),
	(551,15,'c4a427bb22747a6bd590c2236a611b21eedb4f09',1,'IOS','(null)','i_20130328172827.jpg','2013-03-27 23:28:26'),
	(552,15,'a2932436f7d2bd0c5f48d58ca2cd42938ddbf96e',1,'IOS','(null)','i_20130328172854.jpg','2013-03-27 23:28:55'),
	(553,15,'a2932436f7d2bd0c5f48d58ca2cd42938ddbf96e',1,'IOS','(null)','i_20130328172942.jpg','2013-03-27 23:29:42'),
	(554,15,'a2932436f7d2bd0c5f48d58ca2cd42938ddbf96e',1,'IOS','save_to_album','i_20130328173026.jpg','2013-03-27 23:30:26'),
	(555,15,'a2932436f7d2bd0c5f48d58ca2cd42938ddbf96e',1,'IOS','save_to_album','i_20130328173059.jpg','2013-03-27 23:30:59'),
	(556,15,'a2932436f7d2bd0c5f48d58ca2cd42938ddbf96e',1,'IOS','save_to_album','i_20130328173155.jpg','2013-03-27 23:31:56'),
	(557,15,'c4a427bb22747a6bd590c2236a611b21eedb4f09',1,'IOS','(null)','i_20130328173214.jpg','2013-03-27 23:32:12'),
	(558,15,'a2932436f7d2bd0c5f48d58ca2cd42938ddbf96e',1,'IOS','(null)','i_20130328173301.jpg','2013-03-27 23:33:02'),
	(559,15,'c4a427bb22747a6bd590c2236a611b21eedb4f09',1,'IOS','(null)','i_20130328173326.jpg','2013-03-27 23:33:24'),
	(560,15,'c4a427bb22747a6bd590c2236a611b21eedb4f09',1,'IOS','(null)','i_20130328173353.jpg','2013-03-27 23:33:51'),
	(561,15,'a2932436f7d2bd0c5f48d58ca2cd42938ddbf96e',1,'IOS','(null)','i_20130328173355.jpg','2013-03-27 23:33:55'),
	(562,15,'c4a427bb22747a6bd590c2236a611b21eedb4f09',1,'IOS','(null)','i_20130328173540.jpg','2013-03-27 23:35:38'),
	(563,15,'a2932436f7d2bd0c5f48d58ca2cd42938ddbf96e',1,'IOS','save_to_album','i_20130328173546.jpg','2013-03-27 23:35:47'),
	(564,15,'c4a427bb22747a6bd590c2236a611b21eedb4f09',1,'IOS','save_to_album','i_20130328173630.jpg','2013-03-27 23:36:28'),
	(565,15,'a2932436f7d2bd0c5f48d58ca2cd42938ddbf96e',1,'IOS','(null)','i_20130328173637.jpg','2013-03-27 23:36:38'),
	(566,15,'a2932436f7d2bd0c5f48d58ca2cd42938ddbf96e',1,'IOS','save_to_album','i_20130328173823.jpg','2013-03-27 23:38:24'),
	(567,15,'c4a427bb22747a6bd590c2236a611b21eedb4f09',1,'IOS','(null)','i_20130328174306.jpg','2013-03-27 23:43:05'),
	(568,15,'a2932436f7d2bd0c5f48d58ca2cd42938ddbf96e',1,'IOS','save_to_album','i_20130328174310.jpg','2013-03-27 23:43:11'),
	(569,15,'a2932436f7d2bd0c5f48d58ca2cd42938ddbf96e',1,'IOS','save_to_album','i_20130328174413.jpg','2013-03-27 23:44:14'),
	(570,15,'c4a427bb22747a6bd590c2236a611b21eedb4f09',1,'IOS','(null)','i_20130328174442.jpg','2013-03-27 23:44:40'),
	(571,15,'a2932436f7d2bd0c5f48d58ca2cd42938ddbf96e',1,'IOS','save_to_album','i_20130328174527.jpg','2013-03-27 23:45:28'),
	(572,15,'c4a427bb22747a6bd590c2236a611b21eedb4f09',1,'IOS','(null)','i_20130328174609.jpg','2013-03-27 23:46:07'),
	(573,15,'a2932436f7d2bd0c5f48d58ca2cd42938ddbf96e',1,'IOS','save_to_album','i_20130328174621.jpg','2013-03-27 23:46:22'),
	(574,15,'c4a427bb22747a6bd590c2236a611b21eedb4f09',1,'IOS','(null)','i_20130328174710.jpg','2013-03-27 23:47:08'),
	(575,15,'a2932436f7d2bd0c5f48d58ca2cd42938ddbf96e',1,'IOS','save_to_album','i_20130328174800.jpg','2013-03-27 23:48:01'),
	(576,15,'a2932436f7d2bd0c5f48d58ca2cd42938ddbf96e',1,'IOS','save_to_album','i_20130328174834.jpg','2013-03-27 23:48:34'),
	(577,15,'c4a427bb22747a6bd590c2236a611b21eedb4f09',1,'IOS','(null)','i_20130328174839.jpg','2013-03-27 23:48:38'),
	(578,15,'a2932436f7d2bd0c5f48d58ca2cd42938ddbf96e',1,'IOS','save_to_album','i_20130328174852.jpg','2013-03-27 23:48:52'),
	(579,15,'a2932436f7d2bd0c5f48d58ca2cd42938ddbf96e',1,'IOS','save_to_album','i_20130328174939.jpg','2013-03-27 23:49:40'),
	(580,15,'c4a427bb22747a6bd590c2236a611b21eedb4f09',1,'IOS','(null)','i_20130328174959.jpg','2013-03-27 23:49:58'),
	(581,15,'a2932436f7d2bd0c5f48d58ca2cd42938ddbf96e',1,'IOS','save_to_album','i_20130328175100.jpg','2013-03-27 23:51:00'),
	(582,15,'a2932436f7d2bd0c5f48d58ca2cd42938ddbf96e',1,'IOS','save_to_album','i_20130328175201.jpg','2013-03-27 23:52:01'),
	(583,15,'c4a427bb22747a6bd590c2236a611b21eedb4f09',1,'IOS','save_to_album','i_20130328175209.jpg','2013-03-27 23:52:07'),
	(584,15,'a2932436f7d2bd0c5f48d58ca2cd42938ddbf96e',1,'IOS','save_to_album','i_20130328175234.jpg','2013-03-27 23:52:35'),
	(585,15,'c4a427bb22747a6bd590c2236a611b21eedb4f09',1,'IOS','(null)','i_20130328175313.jpg','2013-03-27 23:53:11'),
	(586,15,'a2932436f7d2bd0c5f48d58ca2cd42938ddbf96e',1,'IOS','save_to_album','i_20130328175323.jpg','2013-03-27 23:53:23'),
	(587,15,'a2932436f7d2bd0c5f48d58ca2cd42938ddbf96e',1,'IOS','save_to_album','i_20130328175412.jpg','2013-03-27 23:54:13'),
	(588,15,'c4a427bb22747a6bd590c2236a611b21eedb4f09',1,'IOS','(null)','i_20130328175416.jpg','2013-03-27 23:54:14'),
	(589,15,'a2932436f7d2bd0c5f48d58ca2cd42938ddbf96e',1,'IOS','save_to_album','i_20130328175518.jpg','2013-03-27 23:55:18'),
	(590,15,'c4a427bb22747a6bd590c2236a611b21eedb4f09',1,'IOS','(null)','i_20130328175547.jpg','2013-03-27 23:55:46'),
	(591,15,'a2932436f7d2bd0c5f48d58ca2cd42938ddbf96e',1,'IOS','save_to_album','i_20130328175640.jpg','2013-03-27 23:56:41'),
	(592,15,'a2932436f7d2bd0c5f48d58ca2cd42938ddbf96e',1,'IOS','(null)','i_20130328175734.jpg','2013-03-27 23:57:35'),
	(593,15,'c4a427bb22747a6bd590c2236a611b21eedb4f09',1,'IOS','(null)','i_20130328175744.jpg','2013-03-27 23:57:43'),
	(594,15,'a2932436f7d2bd0c5f48d58ca2cd42938ddbf96e',1,'IOS','save_to_album','i_20130328175853.jpg','2013-03-27 23:58:54'),
	(595,15,'c4a427bb22747a6bd590c2236a611b21eedb4f09',1,'IOS','(null)','i_20130328175910.jpg','2013-03-27 23:59:08'),
	(596,15,'a2932436f7d2bd0c5f48d58ca2cd42938ddbf96e',1,'IOS','save_to_album','i_20130328180004.jpg','2013-03-28 00:00:05'),
	(597,15,'c4a427bb22747a6bd590c2236a611b21eedb4f09',1,'IOS','save_to_album','i_20130328180007.jpg','2013-03-28 00:00:05'),
	(598,15,'c4a427bb22747a6bd590c2236a611b21eedb4f09',1,'IOS','(null)','i_20130328180050.jpg','2013-03-28 00:00:48'),
	(599,15,'c4a427bb22747a6bd590c2236a611b21eedb4f09',1,'IOS','(null)','i_20130328180150.jpg','2013-03-28 00:01:49'),
	(600,15,'c4a427bb22747a6bd590c2236a611b21eedb4f09',1,'IOS','(null)','i_20130328180241.jpg','2013-03-28 00:02:40'),
	(601,15,'c4a427bb22747a6bd590c2236a611b21eedb4f09',1,'IOS','(null)','i_20130328180327.jpg','2013-03-28 00:03:25'),
	(602,15,'c4a427bb22747a6bd590c2236a611b21eedb4f09',1,'IOS','(null)','i_20130328180449.jpg','2013-03-28 00:04:48'),
	(603,15,'a2932436f7d2bd0c5f48d58ca2cd42938ddbf96e',1,'IOS','(null)','i_20130328180634.jpg','2013-03-28 00:06:35'),
	(604,15,'c4a427bb22747a6bd590c2236a611b21eedb4f09',1,'IOS','save_to_album','i_20130328180642.jpg','2013-03-28 00:06:40'),
	(605,15,'a2932436f7d2bd0c5f48d58ca2cd42938ddbf96e',1,'IOS','(null)','i_20130328180648.jpg','2013-03-28 00:06:50'),
	(606,15,'c4a427bb22747a6bd590c2236a611b21eedb4f09',1,'IOS','(null)','i_20130328180719.jpg','2013-03-28 00:07:18'),
	(607,15,'a2932436f7d2bd0c5f48d58ca2cd42938ddbf96e',1,'IOS','(null)','i_20130328180727.jpg','2013-03-28 00:07:28'),
	(608,15,'a2932436f7d2bd0c5f48d58ca2cd42938ddbf96e',1,'IOS','(null)','i_20130328180825.jpg','2013-03-28 00:08:26'),
	(609,15,'a2932436f7d2bd0c5f48d58ca2cd42938ddbf96e',1,'IOS','(null)','i_20130328180904.jpg','2013-03-28 00:09:06'),
	(610,15,'a2932436f7d2bd0c5f48d58ca2cd42938ddbf96e',1,'IOS','save_to_album','i_20130328180940.jpg','2013-03-28 00:09:42'),
	(611,15,'c4a427bb22747a6bd590c2236a611b21eedb4f09',1,'IOS','save_to_album','i_20130328180956.jpg','2013-03-28 00:09:54'),
	(612,15,'a2932436f7d2bd0c5f48d58ca2cd42938ddbf96e',1,'IOS','save_to_album','i_20130328181113.jpg','2013-03-28 00:11:15'),
	(613,15,'c4a427bb22747a6bd590c2236a611b21eedb4f09',1,'IOS','save_to_album','i_20130328181116.jpg','2013-03-28 00:11:15'),
	(614,15,'c4a427bb22747a6bd590c2236a611b21eedb4f09',1,'IOS','(null)','i_20130328181140.jpg','2013-03-28 00:11:38'),
	(615,15,'a2932436f7d2bd0c5f48d58ca2cd42938ddbf96e',1,'IOS','save_to_album','i_20130328181221.jpg','2013-03-28 00:12:22'),
	(616,15,'a2932436f7d2bd0c5f48d58ca2cd42938ddbf96e',1,'IOS','(null)','i_20130328181255.jpg','2013-03-28 00:12:56'),
	(617,15,'a2932436f7d2bd0c5f48d58ca2cd42938ddbf96e',1,'IOS','(null)','i_20130328181313.jpg','2013-03-28 00:13:14'),
	(618,15,'c4a427bb22747a6bd590c2236a611b21eedb4f09',1,'IOS','(null)','i_20130328181343.jpg','2013-03-28 00:13:42'),
	(619,15,'a2932436f7d2bd0c5f48d58ca2cd42938ddbf96e',1,'IOS','save_to_album','i_20130328181343.jpg','2013-03-28 00:13:44'),
	(620,15,'a2932436f7d2bd0c5f48d58ca2cd42938ddbf96e',1,'IOS','save_to_album','i_20130328181401.jpg','2013-03-28 00:14:02'),
	(621,15,'a2932436f7d2bd0c5f48d58ca2cd42938ddbf96e',1,'IOS','save_to_album','i_20130328181507.jpg','2013-03-28 00:15:09'),
	(622,15,'c4a427bb22747a6bd590c2236a611b21eedb4f09',1,'IOS','save_to_album','i_20130328181530.jpg','2013-03-28 00:15:28'),
	(623,15,'a2932436f7d2bd0c5f48d58ca2cd42938ddbf96e',1,'IOS','(null)','i_20130328181542.jpg','2013-03-28 00:15:43'),
	(624,15,'c4a427bb22747a6bd590c2236a611b21eedb4f09',1,'IOS','(null)','i_20130328181653.jpg','2013-03-28 00:16:51'),
	(625,15,'a2932436f7d2bd0c5f48d58ca2cd42938ddbf96e',1,'IOS','save_to_album','i_20130328181721.jpg','2013-03-28 00:17:23'),
	(626,15,'c4a427bb22747a6bd590c2236a611b21eedb4f09',1,'IOS','(null)','i_20130328181758.jpg','2013-03-28 00:17:57'),
	(627,15,'a2932436f7d2bd0c5f48d58ca2cd42938ddbf96e',1,'IOS','save_to_album','i_20130328181804.jpg','2013-03-28 00:18:05'),
	(628,15,'c4a427bb22747a6bd590c2236a611b21eedb4f09',1,'IOS','(null)','i_20130328181942.jpg','2013-03-28 00:19:40'),
	(629,15,'c4a427bb22747a6bd590c2236a611b21eedb4f09',1,'IOS','save_to_album','i_20130328182018.jpg','2013-03-28 00:20:16'),
	(630,15,'a2932436f7d2bd0c5f48d58ca2cd42938ddbf96e',1,'IOS','save_to_album','i_20130328182023.jpg','2013-03-28 00:20:24'),
	(631,15,'a2932436f7d2bd0c5f48d58ca2cd42938ddbf96e',1,'IOS','save_to_album','i_20130328182100.jpg','2013-03-28 00:21:01'),
	(632,15,'a2932436f7d2bd0c5f48d58ca2cd42938ddbf96e',1,'IOS','save_to_album','i_20130328182128.jpg','2013-03-28 00:21:29'),
	(633,15,'c4a427bb22747a6bd590c2236a611b21eedb4f09',1,'IOS','save_to_album','i_20130328182133.jpg','2013-03-28 00:21:31'),
	(634,15,'a2932436f7d2bd0c5f48d58ca2cd42938ddbf96e',1,'IOS','save_to_album','i_20130328182207.jpg','2013-03-28 00:22:08'),
	(635,15,'c4a427bb22747a6bd590c2236a611b21eedb4f09',1,'IOS','(null)','i_20130328182217.jpg','2013-03-28 00:22:15'),
	(636,15,'a2932436f7d2bd0c5f48d58ca2cd42938ddbf96e',1,'IOS','save_to_album','i_20130328182237.jpg','2013-03-28 00:22:38'),
	(637,15,'a2932436f7d2bd0c5f48d58ca2cd42938ddbf96e',1,'IOS','save_to_album','i_20130328181751.jpg','2013-03-28 00:22:56'),
	(638,15,'a2932436f7d2bd0c5f48d58ca2cd42938ddbf96e',1,'IOS','save_to_album','i_20130328182316.jpg','2013-03-28 00:23:16'),
	(639,15,'a2932436f7d2bd0c5f48d58ca2cd42938ddbf96e',1,'IOS','save_to_album','i_20130328182349.jpg','2013-03-28 00:23:50'),
	(640,15,'a2932436f7d2bd0c5f48d58ca2cd42938ddbf96e',1,'IOS','(null)','i_20130328182449.jpg','2013-03-28 00:24:50'),
	(641,15,'c4a427bb22747a6bd590c2236a611b21eedb4f09',1,'IOS','(null)','i_20130328182501.jpg','2013-03-28 00:24:59'),
	(642,15,'a2932436f7d2bd0c5f48d58ca2cd42938ddbf96e',1,'IOS','save_to_album','i_20130328182601.jpg','2013-03-28 00:26:01'),
	(643,15,'c4a427bb22747a6bd590c2236a611b21eedb4f09',1,'IOS','(null)','i_20130328182626.jpg','2013-03-28 00:26:24'),
	(644,15,'c73a6680bd3661481a8b3ccf497fdae7f5abd9c0',1,'IOS','save_to_album','i_20130328182550.jpg','2013-03-28 00:26:27'),
	(645,15,'a2932436f7d2bd0c5f48d58ca2cd42938ddbf96e',1,'IOS','save_to_album','i_20130328182658.jpg','2013-03-28 00:26:59'),
	(646,15,'a2932436f7d2bd0c5f48d58ca2cd42938ddbf96e',1,'IOS','save_to_album','i_20130328182725.jpg','2013-03-28 00:27:26'),
	(647,15,'a2932436f7d2bd0c5f48d58ca2cd42938ddbf96e',1,'IOS','save_to_album','i_20130328182739.jpg','2013-03-28 00:27:39'),
	(648,15,'c4a427bb22747a6bd590c2236a611b21eedb4f09',1,'IOS','(null)','i_20130328182802.jpg','2013-03-28 00:28:00'),
	(649,15,'a2932436f7d2bd0c5f48d58ca2cd42938ddbf96e',1,'IOS','save_to_album','i_20130328182848.jpg','2013-03-28 00:28:49'),
	(650,15,'c4a427bb22747a6bd590c2236a611b21eedb4f09',1,'IOS','(null)','i_20130328182902.jpg','2013-03-28 00:29:00'),
	(651,15,'a2932436f7d2bd0c5f48d58ca2cd42938ddbf96e',1,'IOS','(null)','i_20130328182905.jpg','2013-03-28 00:29:05'),
	(652,15,'a2932436f7d2bd0c5f48d58ca2cd42938ddbf96e',1,'IOS','save_to_album','i_20130328182941.jpg','2013-03-28 00:29:41'),
	(653,15,'c4a427bb22747a6bd590c2236a611b21eedb4f09',1,'IOS','save_to_album','i_20130328182946.jpg','2013-03-28 00:29:44'),
	(654,15,'a2932436f7d2bd0c5f48d58ca2cd42938ddbf96e',1,'IOS','(null)','i_20130328183005.jpg','2013-03-28 00:30:05'),
	(655,15,'a2932436f7d2bd0c5f48d58ca2cd42938ddbf96e',1,'IOS','(null)','i_20130328183031.jpg','2013-03-28 00:30:31'),
	(656,15,'c4a427bb22747a6bd590c2236a611b21eedb4f09',1,'IOS','(null)','i_20130328183054.jpg','2013-03-28 00:30:52'),
	(657,15,'a2932436f7d2bd0c5f48d58ca2cd42938ddbf96e',1,'IOS','(null)','i_20130328183058.jpg','2013-03-28 00:30:59'),
	(658,15,'a2932436f7d2bd0c5f48d58ca2cd42938ddbf96e',1,'IOS','save_to_album','i_20130328183135.jpg','2013-03-28 00:31:36'),
	(659,15,'a2932436f7d2bd0c5f48d58ca2cd42938ddbf96e',1,'IOS','(null)','i_20130328183209.jpg','2013-03-28 00:32:09'),
	(660,15,'a2932436f7d2bd0c5f48d58ca2cd42938ddbf96e',1,'IOS','(null)','i_20130328183310.jpg','2013-03-28 00:33:10'),
	(661,15,'c4a427bb22747a6bd590c2236a611b21eedb4f09',1,'IOS','save_to_album','i_20130328183322.jpg','2013-03-28 00:33:21'),
	(662,15,'a2932436f7d2bd0c5f48d58ca2cd42938ddbf96e',1,'IOS','save_to_album','i_20130328183338.jpg','2013-03-28 00:33:39'),
	(663,15,'a2932436f7d2bd0c5f48d58ca2cd42938ddbf96e',1,'IOS','(null)','i_20130328183420.jpg','2013-03-28 00:34:20'),
	(664,15,'a2932436f7d2bd0c5f48d58ca2cd42938ddbf96e',1,'IOS','save_to_album','i_20130328183448.jpg','2013-03-28 00:34:48'),
	(665,15,'c4a427bb22747a6bd590c2236a611b21eedb4f09',1,'IOS','save_to_album','i_20130328183459.jpg','2013-03-28 00:34:58'),
	(666,15,'a2932436f7d2bd0c5f48d58ca2cd42938ddbf96e',1,'IOS','save_to_album','i_20130328183544.jpg','2013-03-28 00:35:45'),
	(667,15,'c4a427bb22747a6bd590c2236a611b21eedb4f09',1,'IOS','(null)','i_20130328183603.jpg','2013-03-28 00:36:02'),
	(668,15,'a2932436f7d2bd0c5f48d58ca2cd42938ddbf96e',1,'IOS','save_to_album','i_20130328183640.jpg','2013-03-28 00:36:41'),
	(669,15,'a2932436f7d2bd0c5f48d58ca2cd42938ddbf96e',1,'IOS','save_to_album','i_20130328183728.jpg','2013-03-28 00:37:29'),
	(670,15,'c4a427bb22747a6bd590c2236a611b21eedb4f09',1,'IOS','(null)','i_20130328183745.jpg','2013-03-28 00:37:43'),
	(671,15,'c4a427bb22747a6bd590c2236a611b21eedb4f09',1,'IOS','save_to_album','i_20130328183843.jpg','2013-03-28 00:38:41'),
	(672,15,'a2932436f7d2bd0c5f48d58ca2cd42938ddbf96e',1,'IOS','save_to_album','i_20130328183849.jpg','2013-03-28 00:38:49'),
	(673,15,'a2932436f7d2bd0c5f48d58ca2cd42938ddbf96e',1,'IOS','(null)','i_20130328183928.jpg','2013-03-28 00:39:29'),
	(674,15,'c4a427bb22747a6bd590c2236a611b21eedb4f09',1,'IOS','save_to_album','i_20130328183940.jpg','2013-03-28 00:39:38'),
	(675,15,'a2932436f7d2bd0c5f48d58ca2cd42938ddbf96e',1,'IOS','save_to_album','i_20130328183944.jpg','2013-03-28 00:39:45'),
	(676,15,'a2932436f7d2bd0c5f48d58ca2cd42938ddbf96e',1,'IOS','save_to_album','i_20130328184000.jpg','2013-03-28 00:40:01'),
	(677,15,'a2932436f7d2bd0c5f48d58ca2cd42938ddbf96e',1,'IOS','save_to_album','i_20130328184014.jpg','2013-03-28 00:40:14'),
	(678,15,'a2932436f7d2bd0c5f48d58ca2cd42938ddbf96e',1,'IOS','save_to_album','i_20130328184038.jpg','2013-03-28 00:40:38'),
	(679,15,'c4a427bb22747a6bd590c2236a611b21eedb4f09',1,'IOS','(null)','i_20130328184059.jpg','2013-03-28 00:40:57'),
	(680,15,'a2932436f7d2bd0c5f48d58ca2cd42938ddbf96e',1,'IOS','save_to_album','i_20130328184139.jpg','2013-03-28 00:41:39'),
	(681,15,'c4a427bb22747a6bd590c2236a611b21eedb4f09',1,'IOS','(null)','i_20130328184143.jpg','2013-03-28 00:41:41'),
	(682,15,'c4a427bb22747a6bd590c2236a611b21eedb4f09',1,'IOS','(null)','i_20130328184212.jpg','2013-03-28 00:42:11'),
	(683,15,'a2932436f7d2bd0c5f48d58ca2cd42938ddbf96e',1,'IOS','save_to_album','i_20130328184226.jpg','2013-03-28 00:42:26'),
	(684,15,'a2932436f7d2bd0c5f48d58ca2cd42938ddbf96e',1,'IOS','save_to_album','i_20130328184245.jpg','2013-03-28 00:42:45'),
	(685,15,'c4a427bb22747a6bd590c2236a611b21eedb4f09',1,'IOS','(null)','i_20130328184254.jpg','2013-03-28 00:42:53'),
	(686,15,'a2932436f7d2bd0c5f48d58ca2cd42938ddbf96e',1,'IOS','(null)','i_20130328184315.jpg','2013-03-28 00:43:15'),
	(687,15,'c4a427bb22747a6bd590c2236a611b21eedb4f09',1,'IOS','save_to_album','i_20130328184319.jpg','2013-03-28 00:43:18'),
	(688,15,'a2932436f7d2bd0c5f48d58ca2cd42938ddbf96e',1,'IOS','save_to_album','i_20130328184422.jpg','2013-03-28 00:44:23'),
	(689,15,'a2932436f7d2bd0c5f48d58ca2cd42938ddbf96e',1,'IOS','(null)','i_20130328184539.jpg','2013-03-28 00:45:39'),
	(690,15,'a2932436f7d2bd0c5f48d58ca2cd42938ddbf96e',1,'IOS','(null)','i_20130328184624.jpg','2013-03-28 00:46:25'),
	(691,15,'a2932436f7d2bd0c5f48d58ca2cd42938ddbf96e',1,'IOS','save_to_album','i_20130328184647.jpg','2013-03-28 00:46:48'),
	(692,15,'a2932436f7d2bd0c5f48d58ca2cd42938ddbf96e',1,'IOS','(null)','i_20130328184701.jpg','2013-03-28 00:47:01'),
	(693,15,'a2932436f7d2bd0c5f48d58ca2cd42938ddbf96e',1,'IOS','(null)','i_20130328184722.jpg','2013-03-28 00:47:23'),
	(694,15,'a2932436f7d2bd0c5f48d58ca2cd42938ddbf96e',1,'IOS','save_to_album','i_20130328184742.jpg','2013-03-28 00:47:43'),
	(695,15,'c4a427bb22747a6bd590c2236a611b21eedb4f09',1,'IOS','(null)','i_20130328184758.jpg','2013-03-28 00:47:56'),
	(696,15,'a2932436f7d2bd0c5f48d58ca2cd42938ddbf96e',1,'IOS','save_to_album','i_20130328184802.jpg','2013-03-28 00:48:02'),
	(697,15,'a2932436f7d2bd0c5f48d58ca2cd42938ddbf96e',1,'IOS','save_to_album','i_20130328184822.jpg','2013-03-28 00:48:23'),
	(698,15,'a2932436f7d2bd0c5f48d58ca2cd42938ddbf96e',1,'IOS','(null)','i_20130328184849.jpg','2013-03-28 00:48:49'),
	(699,15,'a2932436f7d2bd0c5f48d58ca2cd42938ddbf96e',1,'IOS','(null)','i_20130328184902.jpg','2013-03-28 00:49:03'),
	(700,15,'a2932436f7d2bd0c5f48d58ca2cd42938ddbf96e',1,'IOS','(null)','i_20130328184939.jpg','2013-03-28 00:49:39'),
	(701,15,'a2932436f7d2bd0c5f48d58ca2cd42938ddbf96e',1,'IOS','save_to_album','i_20130328185114.jpg','2013-03-28 00:51:14'),
	(702,15,'c4a427bb22747a6bd590c2236a611b21eedb4f09',1,'IOS','(null)','i_20130328185116.jpg','2013-03-28 00:51:15'),
	(703,15,'a2932436f7d2bd0c5f48d58ca2cd42938ddbf96e',1,'IOS','save_to_album','i_20130328185131.jpg','2013-03-28 00:51:31'),
	(704,15,'a2932436f7d2bd0c5f48d58ca2cd42938ddbf96e',1,'IOS','(null)','i_20130328185147.jpg','2013-03-28 00:51:47'),
	(705,15,'a2932436f7d2bd0c5f48d58ca2cd42938ddbf96e',1,'IOS','save_to_album','i_20130328185217.jpg','2013-03-28 00:52:17'),
	(706,15,'a2932436f7d2bd0c5f48d58ca2cd42938ddbf96e',1,'IOS','save_to_album','i_20130328185301.jpg','2013-03-28 00:53:02'),
	(707,15,'a2932436f7d2bd0c5f48d58ca2cd42938ddbf96e',1,'IOS','(null)','i_20130328185356.jpg','2013-03-28 00:53:57'),
	(708,15,'c4a427bb22747a6bd590c2236a611b21eedb4f09',1,'IOS','save_to_album','i_20130328185359.jpg','2013-03-28 00:53:58'),
	(709,15,'a2932436f7d2bd0c5f48d58ca2cd42938ddbf96e',1,'IOS','save_to_album','i_20130328185426.jpg','2013-03-28 00:54:26'),
	(710,15,'a2932436f7d2bd0c5f48d58ca2cd42938ddbf96e',1,'IOS','save_to_album','i_20130328185455.jpg','2013-03-28 00:54:55'),
	(711,15,'a2932436f7d2bd0c5f48d58ca2cd42938ddbf96e',1,'IOS','save_to_album','i_20130328185101.jpg','2013-03-28 00:55:01'),
	(712,15,'c4a427bb22747a6bd590c2236a611b21eedb4f09',1,'IOS','(null)','i_20130328185520.jpg','2013-03-28 00:55:18'),
	(713,15,'a2932436f7d2bd0c5f48d58ca2cd42938ddbf96e',1,'IOS','(null)','i_20130328185610.jpg','2013-03-28 00:56:10'),
	(714,15,'c4a427bb22747a6bd590c2236a611b21eedb4f09',1,'IOS','(null)','i_20130328185620.jpg','2013-03-28 00:56:19'),
	(715,15,'a2932436f7d2bd0c5f48d58ca2cd42938ddbf96e',1,'IOS','save_to_album','i_20130328185645.jpg','2013-03-28 00:56:45'),
	(716,15,'c4a427bb22747a6bd590c2236a611b21eedb4f09',1,'IOS','save_to_album','i_20130328185817.jpg','2013-03-28 00:58:17'),
	(717,15,'a2932436f7d2bd0c5f48d58ca2cd42938ddbf96e',1,'IOS','save_to_album','i_20130328185851.jpg','2013-03-28 00:58:52'),
	(718,15,'c4a427bb22747a6bd590c2236a611b21eedb4f09',1,'IOS','save_to_album','i_20130328185456.jpg','2013-03-28 00:58:54'),
	(719,15,'c4a427bb22747a6bd590c2236a611b21eedb4f09',1,'IOS','(null)','i_20130328185903.jpg','2013-03-28 00:59:01'),
	(720,15,'a2932436f7d2bd0c5f48d58ca2cd42938ddbf96e',1,'IOS','(null)','i_20130328185957.jpg','2013-03-28 00:59:58'),
	(721,15,'a2932436f7d2bd0c5f48d58ca2cd42938ddbf96e',1,'IOS','save_to_album','i_20130328190031.jpg','2013-03-28 01:00:32'),
	(722,15,'a2932436f7d2bd0c5f48d58ca2cd42938ddbf96e',1,'IOS','save_to_album','i_20130328190121.jpg','2013-03-28 01:01:22'),
	(723,15,'c4a427bb22747a6bd590c2236a611b21eedb4f09',1,'IOS','(null)','i_20130328190147.jpg','2013-03-28 01:01:46'),
	(724,15,'a2932436f7d2bd0c5f48d58ca2cd42938ddbf96e',1,'IOS','save_to_album','i_20130328190152.jpg','2013-03-28 01:01:52'),
	(725,15,'a2932436f7d2bd0c5f48d58ca2cd42938ddbf96e',1,'IOS','save_to_album','i_20130328190208.jpg','2013-03-28 01:02:08'),
	(726,15,'a2932436f7d2bd0c5f48d58ca2cd42938ddbf96e',1,'IOS','save_to_album','i_20130328190221.jpg','2013-03-28 01:02:21'),
	(727,15,'c4a427bb22747a6bd590c2236a611b21eedb4f09',1,'IOS','save_to_album','i_20130328190330.jpg','2013-03-28 01:03:29'),
	(728,15,'a2932436f7d2bd0c5f48d58ca2cd42938ddbf96e',1,'IOS','save_to_album','i_20130328190329.jpg','2013-03-28 01:03:30'),
	(729,15,'a2932436f7d2bd0c5f48d58ca2cd42938ddbf96e',1,'IOS','save_to_album','i_20130328190409.jpg','2013-03-28 01:04:10'),
	(730,15,'c4a427bb22747a6bd590c2236a611b21eedb4f09',1,'IOS','(null)','i_20130328190437.jpg','2013-03-28 01:04:36'),
	(731,15,'c4a427bb22747a6bd590c2236a611b21eedb4f09',1,'IOS','(null)','i_20130328190516.jpg','2013-03-28 01:05:15'),
	(732,15,'a2932436f7d2bd0c5f48d58ca2cd42938ddbf96e',1,'IOS','save_to_album','i_20130328190535.jpg','2013-03-28 01:05:35'),
	(733,15,'a2932436f7d2bd0c5f48d58ca2cd42938ddbf96e',1,'IOS','save_to_album','i_20130328190613.jpg','2013-03-28 01:06:14'),
	(734,15,'a2932436f7d2bd0c5f48d58ca2cd42938ddbf96e',1,'IOS','(null)','i_20130328190631.jpg','2013-03-28 01:06:31'),
	(735,15,'a2932436f7d2bd0c5f48d58ca2cd42938ddbf96e',1,'IOS','save_to_album','i_20130328190706.jpg','2013-03-28 01:07:07'),
	(736,15,'a2932436f7d2bd0c5f48d58ca2cd42938ddbf96e',1,'IOS','(null)','i_20130328190732.jpg','2013-03-28 01:07:33'),
	(737,15,'a2932436f7d2bd0c5f48d58ca2cd42938ddbf96e',1,'IOS','(null)','i_20130328190759.jpg','2013-03-28 01:07:59'),
	(738,15,'c4a427bb22747a6bd590c2236a611b21eedb4f09',1,'IOS','save_to_album','i_20130328190801.jpg','2013-03-28 01:08:00'),
	(739,15,'c4a427bb22747a6bd590c2236a611b21eedb4f09',1,'IOS','(null)','i_20130328190834.jpg','2013-03-28 01:08:34'),
	(740,15,'a2932436f7d2bd0c5f48d58ca2cd42938ddbf96e',1,'IOS','save_to_album','i_20130328190855.jpg','2013-03-28 01:08:55'),
	(741,15,'a2932436f7d2bd0c5f48d58ca2cd42938ddbf96e',1,'IOS','(null)','i_20130328190925.jpg','2013-03-28 01:09:26'),
	(742,15,'c4a427bb22747a6bd590c2236a611b21eedb4f09',1,'IOS','save_to_album','i_20130328190952.jpg','2013-03-28 01:09:51'),
	(743,15,'c4a427bb22747a6bd590c2236a611b21eedb4f09',1,'IOS','save_to_album','i_20130328191022.jpg','2013-03-28 01:10:21'),
	(744,15,'a2932436f7d2bd0c5f48d58ca2cd42938ddbf96e',1,'IOS','save_to_album','i_20130328191036.jpg','2013-03-28 01:10:36'),
	(745,15,'a2932436f7d2bd0c5f48d58ca2cd42938ddbf96e',1,'IOS','save_to_album','i_20130328191100.jpg','2013-03-28 01:11:02'),
	(746,15,'a2932436f7d2bd0c5f48d58ca2cd42938ddbf96e',1,'IOS','(null)','i_20130328191119.jpg','2013-03-28 01:11:20'),
	(747,15,'a2932436f7d2bd0c5f48d58ca2cd42938ddbf96e',1,'IOS','save_to_album','i_20130328191159.jpg','2013-03-28 01:12:00'),
	(748,15,'a2932436f7d2bd0c5f48d58ca2cd42938ddbf96e',1,'IOS','save_to_album','i_20130328191217.jpg','2013-03-28 01:12:17'),
	(749,15,'c4a427bb22747a6bd590c2236a611b21eedb4f09',1,'IOS','(null)','i_20130328191239.jpg','2013-03-28 01:12:38'),
	(750,15,'c4a427bb22747a6bd590c2236a611b21eedb4f09',1,'IOS','save_to_album','i_20130328191307.jpg','2013-03-28 01:13:06'),
	(751,15,'a2932436f7d2bd0c5f48d58ca2cd42938ddbf96e',1,'IOS','save_to_album','i_20130328191320.jpg','2013-03-28 01:13:21'),
	(752,15,'a2932436f7d2bd0c5f48d58ca2cd42938ddbf96e',1,'IOS','save_to_album','i_20130328191340.jpg','2013-03-28 01:13:40'),
	(753,15,'c4a427bb22747a6bd590c2236a611b21eedb4f09',1,'IOS','(null)','i_20130328191347.jpg','2013-03-28 01:13:46'),
	(754,15,'a2932436f7d2bd0c5f48d58ca2cd42938ddbf96e',1,'IOS','save_to_album','i_20130328191412.jpg','2013-03-28 01:14:13'),
	(755,15,'c4a427bb22747a6bd590c2236a611b21eedb4f09',1,'IOS','save_to_album','i_20130328191415.jpg','2013-03-28 01:14:16'),
	(756,15,'a2932436f7d2bd0c5f48d58ca2cd42938ddbf96e',1,'IOS','save_to_album','i_20130328191448.jpg','2013-03-28 01:14:48'),
	(757,15,'c4a427bb22747a6bd590c2236a611b21eedb4f09',1,'IOS','(null)','i_20130328191519.jpg','2013-03-28 01:15:18'),
	(758,15,'a2932436f7d2bd0c5f48d58ca2cd42938ddbf96e',1,'IOS','save_to_album','i_20130328191536.jpg','2013-03-28 01:15:36'),
	(759,15,'a2932436f7d2bd0c5f48d58ca2cd42938ddbf96e',1,'IOS','save_to_album','i_20130328191600.jpg','2013-03-28 01:16:00'),
	(760,15,'c4a427bb22747a6bd590c2236a611b21eedb4f09',1,'IOS','(null)','i_20130328191615.jpg','2013-03-28 01:16:14'),
	(761,15,'a2932436f7d2bd0c5f48d58ca2cd42938ddbf96e',1,'IOS','save_to_album','i_20130328191628.jpg','2013-03-28 01:16:28'),
	(762,15,'a2932436f7d2bd0c5f48d58ca2cd42938ddbf96e',1,'IOS','save_to_album','i_20130328191711.jpg','2013-03-28 01:17:11'),
	(763,15,'c4a427bb22747a6bd590c2236a611b21eedb4f09',1,'IOS','(null)','i_20130328191748.jpg','2013-03-28 01:17:47'),
	(764,15,'a2932436f7d2bd0c5f48d58ca2cd42938ddbf96e',1,'IOS','save_to_album','i_20130328191758.jpg','2013-03-28 01:17:59'),
	(765,15,'a2932436f7d2bd0c5f48d58ca2cd42938ddbf96e',1,'IOS','(null)','i_20130328191816.jpg','2013-03-28 01:18:16'),
	(766,15,'a2932436f7d2bd0c5f48d58ca2cd42938ddbf96e',1,'IOS','save_to_album','i_20130328191830.jpg','2013-03-28 01:18:31'),
	(767,15,'c4a427bb22747a6bd590c2236a611b21eedb4f09',1,'IOS','(null)','i_20130328191854.jpg','2013-03-28 01:18:53'),
	(768,15,'a2932436f7d2bd0c5f48d58ca2cd42938ddbf96e',1,'IOS','save_to_album','i_20130328192009.jpg','2013-03-28 01:20:09'),
	(769,15,'c4a427bb22747a6bd590c2236a611b21eedb4f09',1,'IOS','(null)','i_20130328192034.jpg','2013-03-28 01:20:32'),
	(770,15,'a2932436f7d2bd0c5f48d58ca2cd42938ddbf96e',1,'IOS','save_to_album','i_20130328192045.jpg','2013-03-28 01:20:46'),
	(771,15,'c4a427bb22747a6bd590c2236a611b21eedb4f09',1,'IOS','save_to_album','i_20130328192148.jpg','2013-03-28 01:21:47'),
	(772,15,'a2932436f7d2bd0c5f48d58ca2cd42938ddbf96e',1,'IOS','save_to_album','i_20130328192154.jpg','2013-03-28 01:21:54'),
	(773,15,'a2932436f7d2bd0c5f48d58ca2cd42938ddbf96e',1,'IOS','(null)','i_20130328192208.jpg','2013-03-28 01:22:09'),
	(774,15,'a2932436f7d2bd0c5f48d58ca2cd42938ddbf96e',1,'IOS','save_to_album','i_20130328192244.jpg','2013-03-28 01:22:45'),
	(775,15,'a2932436f7d2bd0c5f48d58ca2cd42938ddbf96e',1,'IOS','save_to_album','i_20130328192332.jpg','2013-03-28 01:23:33'),
	(776,15,'a2932436f7d2bd0c5f48d58ca2cd42938ddbf96e',1,'IOS','save_to_album','i_20130328192504.jpg','2013-03-28 01:25:05'),
	(777,15,'a2932436f7d2bd0c5f48d58ca2cd42938ddbf96e',1,'IOS','save_to_album','i_20130328192553.jpg','2013-03-28 01:25:54'),
	(778,15,'a2932436f7d2bd0c5f48d58ca2cd42938ddbf96e',1,'IOS','save_to_album','i_20130328192614.jpg','2013-03-28 01:26:15'),
	(779,15,'a2932436f7d2bd0c5f48d58ca2cd42938ddbf96e',1,'IOS','save_to_album','i_20130328192635.jpg','2013-03-28 01:26:36'),
	(780,6,'b424300557f83c540e8aae18576921fa1a2a9c23',1,'IOS','(null)','i_20130329153738.jpg','2013-03-28 21:37:39'),
	(781,13,'c73a6680bd3661481a8b3ccf497fdae7f5abd9c0',1,'IOS','(null)','i_20130329180548.jpg','2013-03-29 00:05:33'),
	(782,13,'c73a6680bd3661481a8b3ccf497fdae7f5abd9c0',1,'IOS','post_to_facebook','i_20130331171955.jpg','2013-03-30 23:20:03'),
	(783,13,'c73a6680bd3661481a8b3ccf497fdae7f5abd9c0',1,'IOS','post_to_facebook','i_20130331203220.jpg','2013-03-31 02:32:11'),
	(784,10,'63e41e59e235bd8dc690a355a2432bef576ea88c',1,'IOS','(null)','i_20130403090812.jpg','2013-04-02 15:59:39');

/*!40000 ALTER TABLE `event_actions` ENABLE KEYS */;
UNLOCK TABLES;


# Dump of table events
# ------------------------------------------------------------

DROP TABLE IF EXISTS `events`;

CREATE TABLE `events` (
  `id` int(11) unsigned NOT NULL AUTO_INCREMENT,
  `name` varchar(255) DEFAULT NULL,
  `company_id` int(11) DEFAULT NULL,
  `shortdescription_line_1` varchar(60) DEFAULT NULL,
  `shortdescription_line_2` varchar(60) DEFAULT NULL,
  `eventtype` varchar(32) DEFAULT NULL,
  `geo_address` varchar(512) NOT NULL,
  `gpslat` varchar(50) DEFAULT NULL,
  `gpslong` varchar(50) DEFAULT NULL,
  `date_start` datetime DEFAULT NULL,
  `date_end` datetime DEFAULT NULL,
  `updated_by` int(11) DEFAULT NULL,
  `auto_moderate` tinyint(1) DEFAULT NULL,
  `facebook_msg` varchar(420) DEFAULT NULL,
  `facebook_url` varchar(500) DEFAULT NULL,
  `twitter_msg` varchar(120) DEFAULT NULL,
  `html_before` text,
  `html_before_on` tinyint(1) DEFAULT NULL,
  `html_after` text,
  `html_after_on` tinyint(1) DEFAULT NULL,
  `t_c` text,
  `t_c_on` tinyint(1) DEFAULT NULL,
  `stage` varchar(10) DEFAULT NULL,
  `img_thumb` varchar(100) DEFAULT NULL,
  `img_overlay_1` varchar(100) DEFAULT NULL,
  `img_overlay_2` varchar(100) DEFAULT NULL,
  `img_overlay_3` varchar(100) DEFAULT NULL,
  `img_overlay_4` varchar(100) DEFAULT NULL,
  `img_overlay_5` varchar(100) DEFAULT NULL,
  `public_logo` varchar(100) DEFAULT NULL,
  `public_event_name` varchar(200) DEFAULT NULL,
  `public_description` text,
  `public_phone_number` varchar(32) DEFAULT NULL,
  `public_email` varchar(64) DEFAULT NULL,
  `public_address` varchar(200) DEFAULT '',
  `status` tinyint(1) NOT NULL DEFAULT '1',
  `created` datetime DEFAULT NULL,
  `updated` datetime DEFAULT NULL,
  PRIMARY KEY (`id`)
) ENGINE=InnoDB DEFAULT CHARSET=latin1;

LOCK TABLES `events` WRITE;
/*!40000 ALTER TABLE `events` DISABLE KEYS */;

INSERT INTO `events` (`id`, `name`, `company_id`, `shortdescription_line_1`, `shortdescription_line_2`, `eventtype`, `geo_address`, `gpslat`, `gpslong`, `date_start`, `date_end`, `updated_by`, `auto_moderate`, `facebook_msg`, `facebook_url`, `twitter_msg`, `html_before`, `html_before_on`, `html_after`, `html_after_on`, `t_c`, `t_c_on`, `stage`, `img_thumb`, `img_overlay_1`, `img_overlay_2`, `img_overlay_3`, `img_overlay_4`, `img_overlay_5`, `public_logo`, `public_event_name`, `public_description`, `public_phone_number`, `public_email`, `public_address`, `status`, `created`, `updated`)
VALUES
	(4,'JOSH TEST',1,'','','generic','','','','2013-03-13 00:00:00','2013-03-13 00:00:00',1,1,'Welcome to PIXTA','','','',1,'<!DOCTYPE html>\r\n<html>\r\n<body>\r\n\r\n<form name=\"input\" action=\"html_form_action.asp\" method=\"get\">\r\n<input type=\"checkbox\" name=\"vehicle\" value=\"Bike\">I have a bike<br>\r\n<input type=\"checkbox\" name=\"vehicle\" value=\"Car\">I have a car \r\n<br><br>\r\n<input type=\"submit\" value=\"Submit\">\r\n</form> \r\n\r\n<p>If you click the \"Submit\" button, the form-data will be sent to a page called \"html_form_action.asp\".</p>\r\n\r\n</body>\r\n</html>\r\n\r\n',1,'',1,'Draft','/img/events/4-error-facebook.PNG','/img/events/4-1-background.png','/img/events/4-2-icon@2x.png','/img/events/4-3-JIMBEAM.png','/img/events/4-4-THEGROUNDS.png','/img/events/4-5-garden-floral.png',NULL,'','','','','',0,'2012-12-10 10:14:42','2013-03-18 16:36:39'),
	(5,'I\'m at the Grounds of Alexandria',7,'#thegrounds\r\nCoffee!!!',NULL,'location-based','','-33.911063','151.19359','2013-02-04 00:00:00','2013-02-04 00:00:00',2,1,'Eat this!','http://groundsroasters.com/','#thegrounds','http://stage01.degreeamerica.com/index.html',NULL,'http://www.google.com.au',NULL,'Lorem ipsum dolor sit amet, consectetur adipiscing elit. Maecenas mauris ligula, varius et malesuada sed, adipiscing id arcu. Aliquam tincidunt tincidunt nisl, eu tincidunt neque ornare vitae. Proin lacinia pellentesque cursus. Sed fermentum lacus ac dolor fringilla tempus nec at odio. Nullam congue aliquam nisi quis hendrerit. Morbi neque magna, hendrerit a congue ut, molestie vitae eros. Sed ultrices dolor consectetur nisl lacinia et adipiscing lectus euismod. Vestibulum congue sagittis est, et adipiscing leo egestas at. Fusce sagittis quam vitae metus dictum in commodo dui consequat. Duis non pellentesque turpis. Nullam luctus placerat purus, nec congue nibh ullamcorper quis.\r\n\r\nSed tempor metus ac ipsum blandit luctus et eget massa. Aenean venenatis turpis eu urna molestie non sollicitudin lectus facilisis. Duis tincidunt quam sit amet leo sagittis accumsan. Donec erat sapien, facilisis at porta at, mollis at sapien. Vestibulum sem nulla, tempus a facilisis eget, ullamcorper sagittis urna. Lorem ipsum dolor sit amet, consectetur adipiscing elit. Vestibulum ante ipsum primis in faucibus orci luctus et ultrices posuere cubilia Curae; Mauris condimentum magna sed eros ultrices nec consequat ante facilisis. Class aptent taciti sociosqu ad litora torquent per conubia nostra, per inceptos himenaeos. Sed a velit at erat egestas mattis non ut urna. Quisque ullamcorper tempor est id tempor. Cras ornare auctor sem quis adipiscing. Nullam sed massa at libero aliquet blandit ut ac orci. In feugiat, risus sit amet adipiscing pretium, dolor neque posuere risus, ut luctus eros risus ut ante. Ut dapibus, ante id ornare pharetra, magna turpis tincidunt nisi, et dapibus purus elit at nibh.',NULL,'Scheduled','/img/events/5-Untitled-1.png','/img/events/5-1-image-1-1y7ed.png','/img/events/5-2-image-2-cda0j.png','/img/events/5-3-image-5gd0m.png',NULL,NULL,'/img/events/5-5-Untitled-8.png','I\'m at the Grounds of Alexandria','Made with Skill & Precision','12345678','raf@flydigital.com.au','Surryhills, Sydney',0,'2012-12-17 16:54:27','2013-02-03 16:56:33'),
	(6,'PIXTA',1,'#PIXTA','','location-based','35 Buckingham Street, Sydney, NSW 2010','-33.887072','151.20741999999996','2013-03-20 00:00:00','2013-03-30 00:00:00',1,1,'Brand the moment #PIXTA','','Twitter message from the admin suite here','',1,'http://www.mycokerewards.com/mobile/home.do',1,'http://www.politephotobooths.com.au/termsofuse/',1,'Scheduled','/img/events/6-9-Pixta_Overlay.png','/img/events/6-1-01.png','/img/events/6-2-02.png','/img/events/6-3-03.png','/img/events/6-4-04.png','/img/events/6-5-05.png','/img/events/6-1.jpg','PIXTA','Welcome to the Fly Digital test event custom event page','','','Suite 10, Level 3, 35 Buckingham Street, Surry Hills. NSW 2010',1,'2013-02-03 19:28:41','2013-03-22 00:09:42'),
	(8,'Testing 1 ',1,'Description line 1 test \r\nLine 2\r\nLine 3','Description Line 2\r\nLine 2 D2\r\nLine 3D3','generic','','','','2013-03-13 00:00:00','2013-04-01 00:00:00',2,1,'Testing Phase 1','www.politephotobooths.com.au','Testing Phase 1','',1,'',1,'Terms test\r\ntest\r\ntest \r\ntest \r\nhttp://www.politephotobooths.com.au/',1,'Scheduled','/img/events/8-','/img/events/8-1-MAMBO_Telstra.png','/img/events/8-2-ON FACEBOOK.png','/img/events/8-3-Red_bull_pixta.png','/img/events/8-4-skinny_pixta.png','/img/events/8-5-new york .png','/img/events/8-','','','','','',0,'2013-03-11 22:31:41','2013-03-12 16:33:42'),
	(9,'Havaianas',1,'#Havaianas','','location-based','35 Buckingham Street, Surry Hills, Sydney. NSW 2010, australia','-33.887072','151.20741999999996','2013-03-20 00:00:00','2013-03-30 00:00:00',2,1,'Hello from Havaianas #lovemyhavs','www.havaianasaustralia.com.au','#lovemyhavs','',0,'m.us.havaianas.com/mobile/index.html?url=#',1,'',1,'Scheduled','/img/events/9-imgres.jpeg','/img/events/9-1-pixta_Hav_V3.png','/img/events/9-2-pixta_Hav_V4.png','/img/events/9-3-pixta_Hav_V1.png','/img/events/9-4-pixta_Hav_V2.png','/img/events/9-5-Hav-1.png','/img/events/9-Pixta_Overlay.png','Hello from Havaianas','','','','',1,'2013-03-11 22:32:12','2013-03-27 14:20:32'),
	(10,'PIXTA',1,'Brand the moment. ','','generic','','','','2013-03-29 00:00:00','2013-04-25 00:00:00',1,1,'PIXTA. Brand the moment. ','www.politephotobooths.com.au','Pixta rewards people for taking cool photos. ','',1,'',1,'',1,'Scheduled','/img/events/9-Pixta_Overlay.png','/img/events/9-1-pixta.png','/img/events/9-2-new-york-.png','/img/events/9-3-Red_bull_pixta.png','/img/events/9-4-skinny_pixta.png','/img/events/9-5-westfield-promo.png','/img/events/9-Pixta_Overlay.png','PIXTA. Brand the moment. ','','','','',1,'2013-03-11 22:32:12','2013-03-16 16:55:31'),
	(11,'JOSH TEST',1,'','','generic','','','','2013-03-13 00:00:00','2013-03-13 00:00:00',1,1,'Welcome to PIXTA','','','',1,'<!DOCTYPE html>\r\n<html>\r\n<body>\r\n\r\n<form name=\"input\" action=\"html_form_action.asp\" method=\"get\">\r\n<input type=\"checkbox\" name=\"vehicle\" value=\"Bike\">I have a bike<br>\r\n<input type=\"checkbox\" name=\"vehicle\" value=\"Car\">I have a car \r\n<br><br>\r\n<input type=\"submit\" value=\"Submit\">\r\n</form> \r\n\r\n<p>If you click the \"Submit\" button, the form-data will be sent to a page called \"html_form_action.asp\".</p>\r\n\r\n</body>\r\n</html>\r\n\r\n',1,'',1,'Draft','/img/events/4-error-facebook.PNG','/img/events/4-1-background.png','/img/events/4-2-icon@2x.png','/img/events/4-3-JIMBEAM.png','/img/events/4-4-THEGROUNDS.png','/img/events/4-5-garden-floral.png',NULL,'','','','','',0,'2012-12-10 10:14:42','2013-03-18 16:43:43'),
	(12,'Havaianas',1,'','','generic','','','','2013-03-17 00:00:00','2013-03-31 00:00:00',2,1,'Hello from Havaianas','','','',1,'',1,'',1,'Scheduled','/img/events/12-imgres.jpeg','/img/events/12-1-Hav-1.png','/img/events/12-2-pixta_Hav_V1.png','/img/events/12-3-pixta_Hav_V2.png','/img/events/12-4-pixta_Hav_V3.png','/img/events/12-5-pixta_Hav_V4.png','/img/events/12-','Havaianas','','','','',0,'2013-03-18 16:39:29','2013-03-18 19:49:32'),
	(13,'Hi from Levi\'s',1,'#Levis','','location-based','','','','2013-03-20 00:00:00','2013-03-30 00:00:00',2,1,'Hey, from Levi\'s. Download the app and take pics to win $1,000!  ','www.politephotobooths.com.au','Hey, from Levi\'s','',0,'http://politephotobooths.com.au',1,'Subscribe to marketing from Levi\'s? ',1,'Scheduled','/img/events/13-levis.png','/img/events/13-1-LEVIS01.png','/img/events/13-2-LEVIS02.png','/img/events/13-3-LEVIS05.png','/img/events/13-4-image-6.png','/img/events/13-5-image-5.png','/img/events/13-levis.png','Levis ','','','','',1,'2013-03-20 16:27:59','2013-03-24 21:38:44'),
	(14,'Hosepipe V. Fanta on Pixta',1,'Rumble in the Jungle...','','National','','','','2013-03-23 00:00:00','2013-10-25 00:00:00',2,1,'Hosepipe V. Fanta on Pixta - #rumbleinthejungle','','','',1,'',1,'',1,'Scheduled','/img/events/14-SDP_0407_hose.jpeg','/img/events/14-1-pixta-see-what-.png','/img/events/14-2-image.png','/img/events/14-3-pixta_MINI_V1-1.png','/img/events/14-4-pixta_MINI_V2.png','/img/events/14-5-pixta_MINI_V3.png','/img/events/14-','','','','','',0,'2013-03-23 02:57:42','2013-03-26 22:18:50'),
	(15,'HYUNDAI',1,'','','National','','','','2013-03-27 00:00:00','2013-03-31 00:00:00',2,1,'','','','',1,'',1,'',1,'Scheduled','/img/events/15-','/img/events/15-1-HMCA5742_Carlton_Overlay_V2.png','/img/events/15-2-','/img/events/15-3-','/img/events/15-4-','/img/events/15-5-','/img/events/15-','','','','','',1,'2013-03-26 22:24:20','2013-03-26 22:24:20');

/*!40000 ALTER TABLE `events` ENABLE KEYS */;
UNLOCK TABLES;


# Dump of table roles
# ------------------------------------------------------------

DROP TABLE IF EXISTS `roles`;

CREATE TABLE `roles` (
  `id` int(11) unsigned NOT NULL AUTO_INCREMENT,
  `name` varchar(10) DEFAULT NULL,
  PRIMARY KEY (`id`)
) ENGINE=InnoDB DEFAULT CHARSET=latin1;

LOCK TABLES `roles` WRITE;
/*!40000 ALTER TABLE `roles` DISABLE KEYS */;

INSERT INTO `roles` (`id`, `name`)
VALUES
	(1,'admin'),
	(2,'user');

/*!40000 ALTER TABLE `roles` ENABLE KEYS */;
UNLOCK TABLES;


# Dump of table users
# ------------------------------------------------------------

DROP TABLE IF EXISTS `users`;

CREATE TABLE `users` (
  `id` int(11) unsigned NOT NULL AUTO_INCREMENT,
  `role_id` int(11) DEFAULT NULL,
  `company_id` int(11) DEFAULT NULL,
  `name` varchar(50) DEFAULT NULL,
  `email` varchar(50) DEFAULT NULL,
  `password` varchar(50) DEFAULT NULL,
  `status` tinyint(1) DEFAULT NULL,
  `created` datetime DEFAULT NULL,
  `updated` datetime DEFAULT NULL,
  PRIMARY KEY (`id`)
) ENGINE=InnoDB DEFAULT CHARSET=latin1;

LOCK TABLES `users` WRITE;
/*!40000 ALTER TABLE `users` DISABLE KEYS */;

INSERT INTO `users` (`id`, `role_id`, `company_id`, `name`, `email`, `password`, `status`, `created`, `updated`)
VALUES
	(1,1,1,'Rafiqul Islam','mrafiq1465@yahoo.com','password',1,NULL,NULL),
	(2,1,1,'Stefan Drury','stefan@flydigital.com.au','password',1,NULL,'2012-12-09 23:50:50'),
	(3,1,1,'Test user','test@yahoo.com','test',1,'2012-12-09 23:53:52','2012-12-09 23:53:52');

/*!40000 ALTER TABLE `users` ENABLE KEYS */;
UNLOCK TABLES;



/*!40111 SET SQL_NOTES=@OLD_SQL_NOTES */;
/*!40101 SET SQL_MODE=@OLD_SQL_MODE */;
/*!40014 SET FOREIGN_KEY_CHECKS=@OLD_FOREIGN_KEY_CHECKS */;
/*!40101 SET CHARACTER_SET_CLIENT=@OLD_CHARACTER_SET_CLIENT */;
/*!40101 SET CHARACTER_SET_RESULTS=@OLD_CHARACTER_SET_RESULTS */;
/*!40101 SET COLLATION_CONNECTION=@OLD_COLLATION_CONNECTION */;
